8.000000000000000654e-05 1.748531774960494056e-41
1.000000000000000048e-04 1.146868010241593098e-41
1.200000000000000030e-04 8.200379587857806634e-42
1.399999999999999877e-04 6.229694015213610866e-42
1.599999999999999860e-04 4.950640006598602427e-42
1.799999999999999842e-04 4.073721758961650182e-42
1.999999999999999825e-04 3.446464581241179205e-42
2.199999999999999807e-04 2.982362876494204478e-42
2.399999999999999790e-04 2.629373581488590262e-42
2.599999999999999772e-04 2.354663523488036459e-42
2.799999999999999755e-04 2.136688679880042376e-42
2.999999999999999737e-04 1.960837495036312305e-42
3.199999999999999720e-04 1.816916655483286234e-42
3.399999999999999702e-04 1.697639782974124340e-42
3.599999999999999685e-04 1.597686584217216822e-42
3.799999999999999667e-04 1.513099012985748544e-42
3.999999999999999650e-04 1.440883222935777729e-42
4.199999999999999632e-04 1.378740892215897536e-42
4.399999999999999615e-04 1.324884004727837479e-42
4.599999999999999597e-04 1.277904724183345393e-42
4.799999999999999580e-04 1.236682398555574742e-42
5.000000000000000104e-04 1.200316062227042090e-42
5.199999999999999544e-04 1.168074748163768125e-42
5.400000000000000069e-04 1.139360435066918067e-42
5.599999999999999509e-04 1.113680086672566783e-42
5.800000000000000034e-04 1.090624320003272108e-42
5.999999999999999474e-04 1.069850965451128730e-42
6.199999999999998915e-04 1.051072277402717541e-42
6.399999999999999439e-04 1.034044897541562584e-42
6.599999999999999964e-04 1.018561913972974456e-42
6.799999999999999404e-04 1.004446530531033340e-42
6.999999999999998845e-04 9.915469836538479896e-43
7.199999999999999369e-04 9.797324335608169515e-43
7.399999999999999894e-04 9.688896220051603196e-43
7.599999999999999334e-04 9.589201374034645989e-43
7.799999999999998775e-04 9.497381643950582746e-43
7.999999999999999299e-04 9.412686221899617707e-43
8.199999999999999824e-04 9.334456167943385318e-43
8.399999999999999264e-04 9.262111480576879587e-43
8.599999999999998705e-04 9.195140246984309256e-43
8.799999999999999229e-04 9.133089499340327320e-43
8.999999999999999754e-04 9.075557477311222279e-43
9.199999999999999194e-04 9.022187054920425600e-43
9.399999999999998634e-04 8.972660135745504995e-43
9.599999999999999159e-04 8.926692856776805066e-43
9.799999999999999684e-04 8.884031470287716458e-43
1.000000000000000021e-03 8.844448796342626393e-43
1.019999999999999856e-03 8.807741157326315968e-43
1.039999999999999909e-03 8.773725721064875976e-43
1.059999999999999961e-03 8.742238191457206748e-43
1.080000000000000014e-03 8.713130795619464327e-43
1.099999999999999849e-03 8.686270524812669183e-43
1.119999999999999902e-03 8.661537593227948539e-43
1.139999999999999954e-03 8.638824084325675328e-43
1.159999999999999790e-03 8.618032759085561087e-43
1.179999999999999842e-03 8.599076004402497186e-43
1.199999999999999895e-03 8.581874903100098322e-43
1.219999999999999947e-03 8.566358409744484408e-43
1.240000000000000000e-03 8.552462618718147512e-43
1.259999999999999835e-03 8.540130112932413061e-43
1.279999999999999888e-03 8.529309383178144417e-43
1.299999999999999940e-03 8.519954309488263784e-43
1.319999999999999776e-03 8.512023697052908156e-43
1.339999999999999828e-03 8.505480860222258954e-43
1.359999999999999881e-03 8.500293248981550896e-43
1.379999999999999933e-03 8.496432113009628183e-43
1.399999999999999986e-03 8.493872199056520949e-43
1.419999999999999821e-03 8.492591477912098591e-43
1.439999999999999874e-03 8.492570897700684821e-43
1.459999999999999926e-03 8.493794160636141607e-43
1.479999999999999762e-03 8.496247520718112834e-43
1.499999999999999814e-03 8.499919600150419515e-43
1.519999999999999867e-03 8.504801222523462409e-43
1.539999999999999919e-03 8.510885261030081805e-43
1.559999999999999972e-03 8.518166500182514386e-43
1.579999999999999807e-03 8.526641509671625825e-43
1.599999999999999860e-03 8.536308529161443278e-43
1.619999999999999912e-03 8.547167362945374470e-43
1.639999999999999748e-03 8.559219283507506279e-43
1.659999999999999800e-03 8.572466943135501361e-43
1.679999999999999853e-03 8.586914292822543432e-43
1.699999999999999905e-03 8.602566507776001979e-43
1.719999999999999958e-03 8.619429918921445082e-43
1.739999999999999793e-03 8.637511949853592787e-43
1.759999999999999846e-03 8.656821058741539390e-43
1.779999999999999898e-03 8.677366684744950883e-43
1.799999999999999734e-03 8.699159198542351246e-43
1.819999999999999786e-03 8.722209856611532078e-43
1.839999999999999839e-03 8.746530758937282829e-43
1.859999999999999891e-03 8.772134809852884153e-43
1.879999999999999944e-03 8.799035681749815094e-43
1.899999999999999779e-03 8.827247781414988184e-43
1.919999999999999832e-03 8.856786218777456399e-43
1.939999999999999884e-03 8.887666777866559498e-43
1.959999999999999937e-03 8.919905889801585951e-43
1.979999999999999989e-03 8.953520607649304861e-43
2.000000000000000042e-03 8.988528583000434499e-43
2.020000000000000094e-03 9.024948044129161497e-43
2.040000000000000147e-03 9.062797775611965676e-43
2.060000000000000199e-03 9.102097099292577284e-43
2.080000000000000251e-03 9.142865856489791247e-43
2.099999999999999870e-03 9.185124391353543848e-43
2.119999999999999923e-03 9.228893535282762850e-43
2.139999999999999975e-03 9.274194592325616872e-43
2.160000000000000028e-03 9.321049325489568400e-43
2.180000000000000080e-03 9.369479943894360402e-43
2.200000000000000133e-03 9.419509090706688543e-43
2.220000000000000185e-03 9.471159831800238408e-43
2.239999999999999804e-03 9.524455645089124275e-43
2.259999999999999856e-03 9.579420410487164487e-43
2.279999999999999909e-03 9.636078400448810608e-43
2.299999999999999961e-03 9.694454271051345485e-43
2.320000000000000014e-03 9.754573053580815389e-43
2.340000000000000066e-03 9.816460146587215332e-43
2.360000000000000119e-03 9.880141308376898469e-43
2.380000000000000171e-03 9.945642649912815425e-43
2.400000000000000223e-03 1.001299062809516965e-42
2.419999999999999842e-03 1.008221203939717452e-42
2.439999999999999895e-03 1.015333401383258305e-42
2.459999999999999947e-03 1.022638400923313919e-42
2.480000000000000000e-03 1.030138980581588753e-42
2.500000000000000052e-03 1.037837950102157143e-42
2.520000000000000104e-03 1.045738150460674694e-42
2.540000000000000157e-03 1.053842453397352081e-42
2.559999999999999776e-03 1.062153760972177166e-42
2.579999999999999828e-03 1.070675005141003433e-42
2.599999999999999881e-03 1.079409147351184558e-42
2.619999999999999933e-03 1.088359178155567594e-42
2.639999999999999986e-03 1.097528116843686299e-42
2.660000000000000038e-03 1.106919011089126105e-42
2.680000000000000090e-03 1.116534936612064233e-42
2.700000000000000143e-03 1.126378996856070855e-42
2.720000000000000195e-03 1.136454322678312936e-42
2.739999999999999814e-03 1.146764072052364847e-42
2.759999999999999867e-03 1.157311429782867608e-42
2.779999999999999919e-03 1.168099607231348203e-42
2.799999999999999972e-03 1.179131842052530378e-42
2.820000000000000024e-03 1.190411397940540120e-42
2.840000000000000076e-03 1.201941564384405237e-42
2.860000000000000129e-03 1.213725656432343077e-42
2.879999999999999748e-03 1.225767014464299657e-42
2.899999999999999800e-03 1.238069003972291765e-42
2.919999999999999853e-03 1.250635015348086675e-42
2.939999999999999905e-03 1.263468463677815005e-42
2.959999999999999958e-03 1.276572788543124012e-42
2.980000000000000010e-03 1.289951453828494559e-42
3.000000000000000062e-03 1.303607947534384973e-42
3.020000000000000115e-03 1.317545781595862950e-42
3.040000000000000167e-03 1.331768491706440017e-42
3.059999999999999786e-03 1.346279637146799017e-42
3.079999999999999839e-03 1.361082800618152553e-42
3.099999999999999891e-03 1.376181588079974946e-42
3.119999999999999944e-03 1.391579628591871138e-42
3.139999999999999996e-03 1.407280574159349940e-42
3.160000000000000048e-03 1.423288099583284015e-42
3.180000000000000101e-03 1.439605902312863198e-42
3.199999999999999720e-03 1.456237702301851078e-42
3.219999999999999772e-03 1.473187241867949243e-42
3.239999999999999825e-03 1.490458285555119882e-42
3.259999999999999877e-03 1.508054619998688979e-42
3.279999999999999930e-03 1.525980053793090366e-42
3.299999999999999982e-03 1.544238417362104568e-42
3.320000000000000034e-03 1.562833562831445861e-42
3.340000000000000087e-03 1.581769363903584433e-42
3.360000000000000139e-03 1.601049715734678127e-42
3.379999999999999758e-03 1.620678534813487898e-42
3.399999999999999811e-03 1.640659758842188087e-42
3.419999999999999863e-03 1.660997346618944719e-42
3.439999999999999915e-03 1.681695277922192030e-42
3.459999999999999968e-03 1.702757553396480742e-42
3.480000000000000020e-03 1.724188194439848057e-42
3.500000000000000073e-03 1.745991243092594033e-42
3.519999999999999692e-03 1.768170761927407949e-42
3.539999999999999744e-03 1.790730833940752250e-42
3.559999999999999797e-03 1.813675562445449285e-42
3.579999999999999849e-03 1.837009070964392443e-42
3.599999999999999901e-03 1.860735503125324983e-42
3.619999999999999954e-03 1.884859022556612630e-42
3.640000000000000006e-03 1.909383812783978084e-42
3.660000000000000059e-03 1.934314077128110774e-42
3.680000000000000111e-03 1.959654038603123816e-42
3.699999999999999730e-03 1.985407939815802100e-42
3.719999999999999783e-03 2.011580042865586389e-42
3.739999999999999835e-03 2.038174629245259329e-42
3.759999999999999887e-03 2.065195999742290051e-42
3.779999999999999940e-03 2.092648474340785412e-42
3.799999999999999992e-03 2.120536392124025909e-42
3.820000000000000045e-03 2.148864111177537508e-42
3.839999999999999664e-03 2.177636008492667205e-42
3.859999999999999716e-03 2.206856479870634604e-42
3.879999999999999769e-03 2.236529939827020008e-42
3.899999999999999821e-03 2.266660821496667341e-42
3.919999999999999873e-03 2.297253576538963046e-42
3.939999999999999926e-03 2.328312675043470882e-42
3.959999999999999978e-03 2.359842605435897760e-42
3.980000000000000031e-03 2.391847874384366089e-42
4.000000000000000083e-03 2.424333006705954091e-42
4.020000000000000136e-03 2.457302545273505970e-42
4.040000000000000188e-03 2.490761050922671499e-42
4.060000000000000241e-03 2.524713102359166720e-42
4.080000000000000293e-03 2.559163296066222317e-42
4.099999999999999478e-03 2.594116246212214872e-42
4.119999999999999531e-03 2.629576584558466985e-42
4.139999999999999583e-03 2.665548960367170390e-42
4.159999999999999636e-03 2.702038040309448620e-42
4.179999999999999688e-03 2.739048508373538832e-42
4.199999999999999740e-03 2.776585065773043101e-42
4.219999999999999793e-03 2.814652430855305239e-42
4.239999999999999845e-03 2.853255339009810560e-42
4.259999999999999898e-03 2.892398542576672946e-42
4.279999999999999950e-03 2.932086810755166203e-42
4.300000000000000003e-03 2.972324929512268153e-42
4.320000000000000055e-03 3.013117701491246795e-42
4.340000000000000108e-03 3.054469945920252833e-42
4.360000000000000160e-03 3.096386498520904872e-42
4.380000000000000213e-03 3.138872211416880994e-42
4.399999999999999398e-03 3.181931953042482292e-42
4.419999999999999450e-03 3.225570608051176646e-42
4.439999999999999503e-03 3.269793077224106185e-42
4.459999999999999555e-03 3.314604277378547583e-42
4.479999999999999608e-03 3.360009141276337319e-42
4.499999999999999660e-03 3.406012617532223004e-42
4.519999999999999712e-03 3.452619670522166929e-42
4.539999999999999765e-03 3.499835280291563575e-42
4.559999999999999817e-03 3.547664442463394040e-42
4.579999999999999870e-03 3.596112168146295083e-42
4.599999999999999922e-03 3.645183483842531933e-42
4.619999999999999975e-03 3.694883431355891455e-42
4.640000000000000027e-03 3.745217067699464425e-42
4.660000000000000080e-03 3.796189465003336059e-42
4.680000000000000132e-03 3.847805710422156086e-42
4.700000000000000185e-03 3.900070906042609425e-42
4.720000000000000237e-03 3.952990168790761321e-42
4.739999999999999422e-03 4.006568630339287783e-42
4.759999999999999475e-03 4.060811437014576016e-42
4.779999999999999527e-03 4.115723749703702516e-42
4.799999999999999580e-03 4.171310743761277333e-42
4.819999999999999632e-03 4.227577608916162813e-42
4.839999999999999684e-03 4.284529549178031737e-42
4.859999999999999737e-03 4.342171782743810779e-42
4.879999999999999789e-03 4.400509541903978016e-42
4.899999999999999842e-03 4.459548072948694776e-42
4.919999999999999894e-03 4.519292636073803011e-42
4.939999999999999947e-03 4.579748505286686954e-42
4.959999999999999999e-03 4.640920968311960796e-42
4.980000000000000052e-03 4.702815326497004079e-42
5.000000000000000104e-03 4.765436894717343500e-42
5.020000000000000157e-03 4.828791001281898995e-42
5.039999999999999342e-03 4.892882987838022075e-42
5.059999999999999394e-03 4.957718209276435399e-42
5.079999999999999447e-03 5.023302033635946118e-42
5.099999999999999499e-03 5.089639842008044526e-42
5.119999999999999551e-03 5.156737028441302614e-42
5.139999999999999604e-03 5.224598999845634980e-42
5.159999999999999656e-03 5.293231175896368569e-42
5.179999999999999709e-03 5.362638988938163300e-42
5.199999999999999761e-03 5.432827883888747259e-42
5.219999999999999814e-03 5.503803318142500861e-42
5.239999999999999866e-03 5.575570761473840290e-42
5.259999999999999919e-03 5.648135695940460741e-42
5.279999999999999971e-03 5.721503615786392318e-42
5.300000000000000024e-03 5.795680027344877503e-42
5.320000000000000076e-03 5.870670448941095690e-42
5.340000000000000129e-03 5.946480410794692085e-42
5.360000000000000181e-03 6.023115454922150488e-42
5.379999999999999366e-03 6.100581135038972987e-42
5.399999999999999419e-03 6.178883016461715001e-42
5.419999999999999471e-03 6.258026676009803665e-42
5.439999999999999523e-03 6.338017701907231311e-42
5.459999999999999576e-03 6.418861693684015726e-42
5.479999999999999628e-03 6.500564262077557175e-42
5.499999999999999681e-03 6.583131028933758370e-42
5.519999999999999733e-03 6.666567627108000431e-42
5.539999999999999786e-03 6.750879700365939135e-42
5.559999999999999838e-03 6.836072903284121475e-42
5.579999999999999891e-03 6.922152901150444175e-42
5.599999999999999943e-03 7.009125369864419769e-42
5.619999999999999996e-03 7.096995995837279538e-42
5.640000000000000048e-03 7.185770475891898028e-42
5.660000000000000100e-03 7.275454517162564626e-42
5.679999999999999286e-03 7.366053836994537205e-42
5.699999999999999338e-03 7.457574162843500182e-42
5.719999999999999390e-03 7.550021232174751111e-42
5.739999999999999443e-03 7.643400792362319733e-42
5.759999999999999495e-03 7.737718600587830852e-42
5.779999999999999548e-03 7.832980423739267808e-42
5.799999999999999600e-03 7.929192038309498893e-42
5.819999999999999653e-03 8.026359230294727298e-42
5.839999999999999705e-03 8.124487795092654310e-42
5.859999999999999758e-03 8.223583537400573680e-42
5.879999999999999810e-03 8.323652271113267178e-42
5.899999999999999863e-03 8.424699819220724266e-42
5.919999999999999915e-03 8.526732013705706293e-42
5.939999999999999968e-03 8.629754695441151371e-42
5.960000000000000020e-03 8.733773714087417401e-42
5.980000000000000072e-03 8.838794927989346667e-42
6.000000000000000125e-03 8.944824204073180048e-42
6.019999999999999310e-03 9.051867417743309364e-42
6.039999999999999362e-03 9.159930452778915028e-42
6.059999999999999415e-03 9.269019201230324583e-42
6.079999999999999467e-03 9.379139563315354670e-42
6.099999999999999520e-03 9.490297447315407026e-42
6.119999999999999572e-03 9.602498769471445956e-42
6.139999999999999625e-03 9.715749453879794825e-42
6.159999999999999677e-03 9.830055432387829326e-42
6.179999999999999730e-03 9.945422644489424764e-42
6.199999999999999782e-03 1.006185703722038041e-41
6.219999999999999835e-03 1.017936456505356855e-41
6.239999999999999887e-03 1.029795118979401094e-41
6.259999999999999939e-03 1.041762288047380988e-41
6.279999999999999992e-03 1.053838561324686018e-41
6.300000000000000044e-03 1.066024537128348839e-41
6.319999999999999230e-03 1.078320814466492900e-41
6.339999999999999282e-03 1.090727993027763993e-41
6.359999999999999334e-03 1.103246673170748942e-41
6.379999999999999387e-03 1.115877455913377968e-41
6.399999999999999439e-03 1.128620942922317634e-41
6.419999999999999492e-03 1.141477736502346065e-41
6.439999999999999544e-03 1.154448439585713771e-41
6.459999999999999597e-03 1.167533655721496570e-41
6.479999999999999649e-03 1.180733989064923396e-41
6.499999999999999702e-03 1.194050044366707817e-41
6.519999999999999754e-03 1.207482426962347930e-41
6.539999999999999807e-03 1.221031742761428434e-41
6.559999999999999859e-03 1.234698598236896443e-41
6.579999999999999911e-03 1.248483600414339853e-41
6.599999999999999964e-03 1.262387356861234095e-41
6.620000000000000016e-03 1.276410475676193740e-41
6.640000000000000069e-03 1.290553565478200133e-41
6.659999999999999254e-03 1.304817235395821647e-41
6.679999999999999306e-03 1.319202095056422712e-41
6.699999999999999359e-03 1.333708754575354239e-41
6.719999999999999411e-03 1.348337824545141501e-41
6.739999999999999464e-03 1.363089916024650595e-41
6.759999999999999516e-03 1.377965640528251339e-41
6.779999999999999569e-03 1.392965610014963091e-41
6.799999999999999621e-03 1.408090436877590373e-41
6.819999999999999674e-03 1.423340733931850081e-41
6.839999999999999726e-03 1.438717114405485698e-41
6.859999999999999779e-03 1.454220191927363915e-41
6.879999999999999831e-03 1.469850580516579417e-41
6.899999999999999883e-03 1.485608894571519386e-41
6.919999999999999936e-03 1.501495748858949165e-41
6.939999999999999988e-03 1.517511758503063005e-41
6.959999999999999173e-03 1.533657538974536587e-41
6.979999999999999226e-03 1.549933706079570885e-41
6.999999999999999278e-03 1.566340875948915382e-41
7.019999999999999331e-03 1.582879665026888222e-41
7.039999999999999383e-03 1.599550690060392803e-41
7.059999999999999436e-03 1.616354568087914220e-41
7.079999999999999488e-03 1.633291916428504250e-41
7.099999999999999541e-03 1.650363352670776530e-41
7.119999999999999593e-03 1.667569494661865275e-41
7.139999999999999646e-03 1.684910960496399051e-41
7.159999999999999698e-03 1.702388368505446752e-41
7.179999999999999750e-03 1.720002337245475054e-41
7.199999999999999803e-03 1.737753485487271707e-41
7.219999999999999855e-03 1.755642432204887188e-41
7.239999999999999908e-03 1.773669796564545502e-41
7.259999999999999960e-03 1.791836197913564676e-41
7.280000000000000013e-03 1.810142255769253804e-41
7.299999999999999198e-03 1.828588589807819001e-41
7.319999999999999250e-03 1.847175819853244906e-41
7.339999999999999303e-03 1.865904565866177442e-41
7.359999999999999355e-03 1.884775447932801999e-41
7.379999999999999408e-03 1.903789086253705044e-41
7.399999999999999460e-03 1.922946101132739811e-41
7.419999999999999513e-03 1.942247112965874147e-41
7.439999999999999565e-03 1.961692742230040653e-41
7.459999999999999618e-03 1.981283609471971278e-41
7.479999999999999670e-03 2.001020335297043123e-41
7.499999999999999722e-03 2.020903540358085510e-41
7.519999999999999775e-03 2.040933845344218137e-41
7.539999999999999827e-03 2.061111870969655853e-41
7.559999999999999880e-03 2.081438237962526677e-41
7.579999999999999932e-03 2.101913567053662299e-41
7.599999999999999117e-03 2.122538478965407687e-41
7.619999999999999170e-03 2.143313594400409294e-41
7.639999999999999222e-03 2.164239534030400959e-41
7.659999999999999275e-03 2.185316918484985489e-41
7.679999999999999327e-03 2.206546368340416226e-41
7.699999999999999380e-03 2.227928504108363078e-41
7.719999999999999432e-03 2.249463946224686951e-41
7.739999999999999485e-03 2.271153315038198389e-41
7.759999999999999537e-03 2.292997230799420026e-41
7.779999999999999589e-03 2.314996313649340121e-41
7.799999999999999642e-03 2.337151183608163807e-41
7.819999999999998827e-03 2.359462460564058208e-41
7.839999999999999747e-03 2.381930764261902152e-41
7.859999999999998932e-03 2.404556714292016517e-41
7.879999999999999852e-03 2.427340930078914701e-41
7.899999999999999037e-03 2.450284030870019458e-41
7.919999999999999957e-03 2.473386635724411334e-41
7.939999999999999142e-03 2.496649363501542948e-41
7.960000000000000062e-03 2.520072832849970100e-41
7.979999999999999247e-03 2.543657662196068599e-41
8.000000000000000167e-03 2.567404469732768937e-41
8.019999999999999352e-03 2.591313873408252730e-41
8.040000000000000271e-03 2.615386490914688410e-41
8.059999999999999457e-03 2.639622939676930724e-41
8.080000000000000376e-03 2.664023836841245720e-41
8.099999999999999561e-03 2.688589799264007698e-41
8.119999999999998747e-03 2.713321443500419608e-41
8.139999999999999666e-03 2.738219385793218665e-41
8.159999999999998851e-03 2.763284242061374323e-41
8.179999999999999771e-03 2.788516627888809685e-41
8.199999999999998956e-03 2.813917158513090813e-41
8.219999999999999876e-03 2.839486448814145086e-41
8.239999999999999061e-03 2.865225113302955088e-41
8.259999999999999981e-03 2.891133766110268306e-41
8.279999999999999166e-03 2.917213020975296116e-41
8.300000000000000086e-03 2.943463491234423475e-41
8.319999999999999271e-03 2.969885789809901288e-41
8.340000000000000191e-03 2.996480529198569859e-41
8.359999999999999376e-03 3.023248321460545140e-41
8.380000000000000296e-03 3.050189778207930461e-41
8.399999999999999481e-03 3.077305510593525207e-41
8.419999999999998666e-03 3.104596129299532469e-41
8.439999999999999586e-03 3.132062244526262116e-41
8.459999999999998771e-03 3.159704465980839462e-41
8.479999999999999691e-03 3.187523402865928222e-41
8.499999999999998876e-03 3.215519663868426437e-41
8.519999999999999796e-03 3.243693857148196560e-41
8.539999999999998981e-03 3.272046590326772094e-41
8.559999999999999901e-03 3.300578470476078495e-41
8.579999999999999086e-03 3.329290104107152050e-41
8.600000000000000006e-03 3.358182097158870977e-41
8.619999999999999191e-03 3.387255054986669199e-41
8.640000000000000110e-03 3.416509582351280701e-41
8.659999999999999296e-03 3.445946283407450757e-41
8.680000000000000215e-03 3.475565761692688445e-41
8.699999999999999400e-03 3.505368620115998771e-41
8.719999999999998586e-03 3.535355460946618360e-41
8.739999999999999505e-03 3.565526885802768997e-41
8.759999999999998690e-03 3.595883495640397395e-41
8.779999999999999610e-03 3.626425890741939945e-41
8.799999999999998795e-03 3.657154670705059943e-41
8.819999999999999715e-03 3.688070434431433236e-41
8.839999999999998900e-03 3.719173780115489022e-41
8.859999999999999820e-03 3.750465305233200081e-41
8.879999999999999005e-03 3.781945606530838357e-41
8.899999999999999925e-03 3.813615280013771313e-41
8.919999999999999110e-03 3.845474920935231779e-41
8.940000000000000030e-03 3.877525123785118392e-41
8.959999999999999215e-03 3.909766482278786343e-41
8.980000000000000135e-03 3.942199589345839661e-41
8.999999999999999320e-03 3.974825037118951015e-41
9.020000000000000240e-03 4.007643416922671333e-41
9.039999999999999425e-03 4.040655319262229213e-41
9.059999999999998610e-03 4.073861333812380307e-41
9.079999999999999530e-03 4.107262049406226610e-41
9.099999999999998715e-03 4.140858054024043414e-41
9.119999999999999635e-03 4.174649934782140404e-41
9.139999999999998820e-03 4.208638277921695742e-41
9.159999999999999740e-03 4.242823668797629405e-41
9.179999999999998925e-03 4.277206691867446442e-41
9.199999999999999845e-03 4.311787930680131210e-41
9.219999999999999030e-03 4.346567967865010520e-41
9.239999999999999949e-03 4.381547385120646847e-41
9.259999999999999135e-03 4.416726763203722892e-41
9.280000000000000054e-03 4.452106681917964866e-41
9.299999999999999239e-03 4.487687720103030110e-41
9.320000000000000159e-03 4.523470455623441602e-41
9.339999999999999344e-03 4.559455465357492900e-41
9.360000000000000264e-03 4.595643325186218338e-41
9.379999999999999449e-03 4.632034609982306638e-41
9.399999999999998634e-03 4.668629893599062948e-41
9.419999999999999554e-03 4.705429748859382607e-41
9.439999999999998739e-03 4.742434747544704007e-41
9.459999999999999659e-03 4.779645460384003262e-41
9.479999999999998844e-03 4.817062457042769502e-41
9.499999999999999764e-03 4.854686306112028084e-41
9.519999999999998949e-03 4.892517575097322007e-41
9.539999999999999869e-03 4.930556830407759596e-41
9.559999999999999054e-03 4.968804637345016303e-41
9.579999999999999974e-03 5.007261560092398706e-41
9.599999999999999159e-03 5.045928161703883017e-41
9.620000000000000079e-03 5.084805004093187239e-41
9.639999999999999264e-03 5.123892648022810686e-41
9.660000000000000184e-03 5.163191653093169360e-41
9.679999999999999369e-03 5.202702577731636493e-41
9.699999999999998554e-03 5.242425979181691169e-41
9.719999999999999474e-03 5.282362413492012913e-41
9.739999999999998659e-03 5.322512435505606860e-41
9.759999999999999579e-03 5.362876598848957477e-41
9.779999999999998764e-03 5.403455455921166987e-41
9.799999999999999684e-03 5.444249557883138662e-41
9.819999999999998869e-03 5.485259454646722383e-41
9.839999999999999789e-03 5.526485694863947890e-41
9.859999999999998974e-03 5.567928825916163207e-41
9.879999999999999893e-03 5.609589393903321927e-41
9.899999999999999079e-03 5.651467943633149170e-41
9.919999999999999998e-03 5.693565018610409495e-41
9.939999999999999183e-03 5.735881161026161557e-41
9.960000000000000103e-03 5.778416911747006652e-41
9.979999999999999288e-03 5.821172810304390271e-41
9.999999999999998473e-03 5.864149394883871041e-41
1.001999999999999939e-02 5.907347202314458979e-41
1.003999999999999858e-02 5.950766768057897688e-41
1.005999999999999950e-02 5.994408626198041363e-41
1.007999999999999868e-02 6.038273309430148190e-41
1.009999999999999960e-02 6.082361349050323631e-41
1.011999999999999879e-02 6.126673274944811787e-41
1.013999999999999971e-02 6.171209615579461108e-41
1.015999999999999889e-02 6.215970897989070815e-41
1.017999999999999981e-02 6.260957647766870886e-41
1.019999999999999900e-02 6.306170389053910278e-41
1.021999999999999992e-02 6.351609644528550170e-41
1.023999999999999910e-02 6.397275935395887869e-41
1.026000000000000002e-02 6.443169781377307148e-41
1.027999999999999921e-02 6.489291700699898076e-41
1.030000000000000013e-02 6.535642210086042022e-41
1.031999999999999931e-02 6.582221824742898776e-41
1.033999999999999850e-02 6.629031058351976258e-41
1.035999999999999942e-02 6.676070423058702264e-41
1.037999999999999860e-02 6.723340429461976848e-41
1.039999999999999952e-02 6.770841586603793001e-41
1.041999999999999871e-02 6.818574401958847150e-41
1.043999999999999963e-02 6.866539381424176154e-41
1.045999999999999881e-02 6.914737029308785132e-41
1.047999999999999973e-02 6.963167848323335441e-41
1.049999999999999892e-02 7.011832339569820420e-41
1.051999999999999984e-02 7.060731002531273765e-41
1.053999999999999902e-02 7.109864335061469739e-41
1.055999999999999994e-02 7.159232833374680485e-41
1.057999999999999913e-02 7.208836992035424165e-41
1.060000000000000005e-02 7.258677303948230419e-41
1.061999999999999923e-02 7.308754260347443567e-41
1.064000000000000015e-02 7.359068350787025794e-41
1.065999999999999934e-02 7.409620063130386854e-41
1.067999999999999852e-02 7.460409883540227026e-41
1.069999999999999944e-02 7.511438296468419832e-41
1.071999999999999863e-02 7.562705784645881504e-41
1.073999999999999955e-02 7.614212829072486328e-41
1.075999999999999873e-02 7.665959909006962616e-41
1.077999999999999965e-02 7.717947501956890645e-41
1.079999999999999884e-02 7.770176083668602701e-41
1.081999999999999976e-02 7.822646128117231992e-41
1.083999999999999894e-02 7.875358107496638194e-41
1.085999999999999986e-02 7.928312492209517530e-41
1.087999999999999905e-02 7.981509750857368080e-41
1.089999999999999997e-02 8.034950350230618217e-41
1.091999999999999915e-02 8.088634755298651048e-41
1.094000000000000007e-02 8.142563429199968535e-41
1.095999999999999926e-02 8.196736833232265900e-41
1.097999999999999844e-02 8.251155426842612057e-41
1.099999999999999936e-02 8.305819667617604561e-41
1.101999999999999855e-02 8.360730011273574513e-41
1.103999999999999947e-02 8.415886911646757820e-41
1.105999999999999865e-02 8.471290820683578613e-41
1.107999999999999957e-02 8.526942188430867400e-41
1.109999999999999876e-02 8.582841463026155702e-41
1.111999999999999968e-02 8.638989090687959465e-41
1.113999999999999886e-02 8.695385515706110391e-41
1.115999999999999978e-02 8.752031180432094414e-41
1.117999999999999897e-02 8.808926525269420755e-41
1.119999999999999989e-02 8.866071988664005254e-41
1.121999999999999907e-02 8.923468007094568999e-41
1.123999999999999999e-02 8.981115015063095068e-41
1.125999999999999918e-02 9.039013445085278131e-41
1.127999999999999836e-02 9.097163727680978136e-41
1.129999999999999928e-02 9.155566291364760656e-41
1.131999999999999847e-02 9.214221562636394417e-41
1.133999999999999939e-02 9.273129965971407953e-41
1.135999999999999857e-02 9.332291923811675840e-41
1.137999999999999949e-02 9.391707856556000846e-41
1.139999999999999868e-02 9.451378182550724624e-41
1.141999999999999960e-02 9.511303318080404693e-41
1.143999999999999878e-02 9.571483677358454695e-41
1.145999999999999970e-02 9.631919672517853997e-41
1.147999999999999889e-02 9.692611713601847095e-41
1.149999999999999981e-02 9.753560208554718460e-41
1.151999999999999899e-02 9.814765563212518453e-41
1.153999999999999991e-02 9.876228181293909544e-41
1.155999999999999910e-02 9.937948464390902420e-41
1.158000000000000002e-02 9.999926811959777654e-41
1.159999999999999920e-02 1.006216362131193397e-40
1.161999999999999839e-02 1.012465928760475076e-40
1.163999999999999931e-02 1.018741420383253427e-40
1.165999999999999849e-02 1.025042876081744327e-40
1.167999999999999941e-02 1.031370334720049034e-40
1.169999999999999860e-02 1.037723834943250222e-40
1.171999999999999952e-02 1.044103415176516589e-40
1.173999999999999870e-02 1.050509113624207465e-40
1.175999999999999962e-02 1.056940968268978228e-40
1.177999999999999881e-02 1.063399016870894500e-40
1.179999999999999973e-02 1.069883296966540216e-40
1.181999999999999891e-02 1.076393845868136914e-40
1.183999999999999983e-02 1.082930700662660573e-40
1.185999999999999902e-02 1.089493898210961105e-40
1.187999999999999994e-02 1.096083475146889803e-40
1.189999999999999912e-02 1.102699467876421482e-40
1.192000000000000004e-02 1.109341912576783958e-40
1.193999999999999923e-02 1.116010845195594676e-40
1.195999999999999841e-02 1.122706301449988761e-40
1.197999999999999933e-02 1.129428316825763799e-40
1.199999999999999852e-02 1.136176926576508908e-40
1.201999999999999943e-02 1.142952165722762163e-40
1.203999999999999862e-02 1.149754069051141912e-40
1.205999999999999954e-02 1.156582671113508886e-40
1.207999999999999872e-02 1.163438006226105065e-40
1.209999999999999964e-02 1.170320108468719048e-40
1.211999999999999883e-02 1.177229011683835114e-40
1.213999999999999975e-02 1.184164749475799208e-40
1.215999999999999893e-02 1.191127355209975746e-40
1.217999999999999985e-02 1.198116862011920126e-40
1.219999999999999904e-02 1.205133302766543900e-40
1.221999999999999996e-02 1.212176710117285850e-40
1.223999999999999914e-02 1.219247116465288991e-40
1.225999999999999833e-02 1.226344553968576135e-40
1.227999999999999925e-02 1.233469054541233005e-40
1.229999999999999843e-02 1.240620649852589515e-40
1.231999999999999935e-02 1.247799371326406349e-40
1.233999999999999854e-02 1.255005250140065619e-40
1.235999999999999946e-02 1.262238317223764786e-40
1.237999999999999864e-02 1.269498603259709155e-40
1.239999999999999956e-02 1.276786138681313541e-40
1.241999999999999875e-02 1.284100953672400274e-40
1.243999999999999967e-02 1.291443078166407390e-40
1.245999999999999885e-02 1.298812541845596825e-40
1.247999999999999977e-02 1.306209374140262208e-40
1.249999999999999896e-02 1.313633604227946431e-40
1.251999999999999988e-02 1.321085261032652698e-40
1.253999999999999906e-02 1.328564373224075565e-40
1.255999999999999825e-02 1.336070969216812188e-40
1.257999999999999917e-02 1.343605077169600088e-40
1.259999999999999835e-02 1.351166724984533911e-40
1.261999999999999927e-02 1.358755940306314812e-40
1.263999999999999846e-02 1.366372750521469664e-40
1.265999999999999938e-02 1.374017182757603706e-40
1.267999999999999856e-02 1.381689263882633615e-40
1.269999999999999948e-02 1.389389020504039543e-40
1.271999999999999867e-02 1.397116478968109816e-40
1.273999999999999959e-02 1.404871665359198062e-40
1.275999999999999877e-02 1.412654605498969138e-40
1.277999999999999969e-02 1.420465324945671760e-40
1.279999999999999888e-02 1.428303848993385438e-40
1.281999999999999980e-02 1.436170202671297398e-40
1.283999999999999898e-02 1.444064410742964807e-40
1.285999999999999990e-02 1.451986497705589656e-40
1.287999999999999909e-02 1.459936487789289552e-40
1.289999999999999827e-02 1.467914404956382587e-40
1.291999999999999919e-02 1.475920272900663233e-40
1.293999999999999838e-02 1.483954115046689657e-40
1.295999999999999930e-02 1.492015954549073685e-40
1.297999999999999848e-02 1.500105814291771178e-40
1.299999999999999940e-02 1.508223716887376276e-40
1.301999999999999859e-02 1.516369684676421969e-40
1.303999999999999951e-02 1.524543739726679441e-40
1.305999999999999869e-02 1.532745903832467817e-40
1.307999999999999961e-02 1.540976198513958810e-40
1.309999999999999880e-02 1.549234645016489726e-40
1.311999999999999972e-02 1.557521264309880963e-40
1.313999999999999890e-02 1.565836077087756557e-40
1.315999999999999982e-02 1.574179103766860663e-40
1.317999999999999901e-02 1.582550364486387280e-40
1.319999999999999993e-02 1.590949879107312427e-40
1.321999999999999911e-02 1.599377667211722651e-40
1.323999999999999830e-02 1.607833748102154132e-40
1.325999999999999922e-02 1.616318140800934651e-40
1.327999999999999840e-02 1.624830864049518210e-40
1.329999999999999932e-02 1.633371936307846164e-40
1.331999999999999851e-02 1.641941375753684702e-40
1.333999999999999943e-02 1.650539200281988420e-40
1.335999999999999861e-02 1.659165427504251671e-40
1.337999999999999953e-02 1.667820074747872548e-40
1.339999999999999872e-02 1.676503159055519931e-40
1.341999999999999964e-02 1.685214697184498287e-40
1.343999999999999882e-02 1.693954705606122266e-40
1.345999999999999974e-02 1.702723200505089448e-40
1.347999999999999893e-02 1.711520197778864118e-40
1.349999999999999985e-02 1.720345713037058171e-40
1.351999999999999903e-02 1.729199761600811824e-40
1.353999999999999822e-02 1.738082358502195323e-40
1.355999999999999914e-02 1.746993518483597203e-40
1.357999999999999832e-02 1.755933255997114979e-40
1.359999999999999924e-02 1.764901585203970320e-40
1.361999999999999843e-02 1.773898519973900159e-40
1.363999999999999935e-02 1.782924073884578179e-40
1.365999999999999853e-02 1.791978260221012651e-40
1.367999999999999945e-02 1.801061091974978124e-40
1.369999999999999864e-02 1.810172581844420191e-40
1.371999999999999956e-02 1.819312742232892684e-40
1.373999999999999874e-02 1.828481585248974268e-40
1.375999999999999966e-02 1.837679122705706046e-40
1.377999999999999885e-02 1.846905366120018755e-40
1.379999999999999977e-02 1.856160326712182196e-40
1.381999999999999895e-02 1.865444015405235901e-40
1.383999999999999814e-02 1.874756442824443250e-40
1.385999999999999906e-02 1.884097619296740491e-40
1.387999999999999824e-02 1.893467554850182902e-40
1.389999999999999916e-02 1.902866259213413800e-40
1.391999999999999835e-02 1.912293741815112333e-40
1.393999999999999927e-02 1.921750011783475534e-40
1.395999999999999845e-02 1.931235077945663263e-40
1.397999999999999937e-02 1.940748948827301062e-40
1.399999999999999856e-02 1.950291632651928357e-40
1.401999999999999948e-02 1.959863137340496417e-40
1.403999999999999866e-02 1.969463470510845515e-40
1.405999999999999958e-02 1.979092639477197179e-40
1.407999999999999877e-02 1.988750651249638690e-40
1.409999999999999969e-02 1.998437512533630423e-40
1.411999999999999887e-02 2.008153229729492797e-40
1.413999999999999979e-02 2.017897808931920542e-40
1.415999999999999898e-02 2.027671255929484745e-40
1.417999999999999816e-02 2.037473576204145074e-40
1.419999999999999908e-02 2.047304774930767323e-40
1.421999999999999827e-02 2.057164856976636451e-40
1.423999999999999919e-02 2.067053826900992072e-40
1.425999999999999837e-02 2.076971688954541904e-40
1.427999999999999929e-02 2.086918447079001739e-40
1.429999999999999848e-02 2.096894104906624806e-40
1.431999999999999940e-02 2.106898665759749483e-40
1.433999999999999858e-02 2.116932132650332331e-40
1.435999999999999950e-02 2.126994508279503560e-40
1.437999999999999869e-02 2.137085795037109844e-40
1.439999999999999961e-02 2.147205995001275095e-40
1.441999999999999879e-02 2.157355109937960405e-40
1.443999999999999971e-02 2.167533141300523183e-40
1.445999999999999890e-02 2.177740090229284856e-40
1.447999999999999982e-02 2.187975957551103866e-40
1.449999999999999900e-02 2.198240743778951117e-40
1.451999999999999819e-02 2.208534449111484610e-40
1.453999999999999911e-02 2.218857073432640386e-40
1.455999999999999829e-02 2.229208616311209605e-40
1.457999999999999921e-02 2.239589077000442132e-40
1.459999999999999840e-02 2.249998454437627699e-40
1.461999999999999932e-02 2.260436747243708458e-40
1.463999999999999850e-02 2.270903953722876050e-40
1.465999999999999942e-02 2.281400071862177228e-40
1.467999999999999861e-02 2.291925099331130903e-40
1.469999999999999953e-02 2.302479033481342339e-40
1.471999999999999871e-02 2.313061871346117749e-40
1.473999999999999963e-02 2.323673609640096023e-40
1.475999999999999882e-02 2.334314244758869855e-40
1.477999999999999974e-02 2.344983772778628480e-40
1.479999999999999892e-02 2.355682189455776761e-40
1.481999999999999811e-02 2.366409490226593425e-40
1.483999999999999903e-02 2.377165670206865647e-40
1.485999999999999821e-02 2.387950724191538723e-40
1.487999999999999913e-02 2.398764646654374713e-40
1.489999999999999832e-02 2.409607431747597221e-40
1.491999999999999924e-02 2.420479073301566762e-40
1.493999999999999842e-02 2.431379564824438999e-40
1.495999999999999934e-02 2.442308899501833174e-40
1.497999999999999853e-02 2.453267070196507066e-40
1.499999999999999944e-02 2.464254069448039703e-40
1.501999999999999863e-02 2.475269889472501829e-40
1.503999999999999955e-02 2.486314522162156966e-40
1.505999999999999873e-02 2.497387959085139224e-40
1.507999999999999965e-02 2.508490191485154366e-40
1.509999999999999884e-02 2.519621210281178007e-40
1.511999999999999802e-02 2.530781006067156270e-40
1.513999999999999894e-02 2.541969569111719485e-40
1.515999999999999813e-02 2.553186889357877540e-40
1.517999999999999905e-02 2.564432956422763765e-40
1.519999999999999823e-02 2.575707759597321715e-40
1.521999999999999915e-02 2.587011287846056798e-40
1.523999999999999834e-02 2.598343529806744274e-40
1.525999999999999926e-02 2.609704473790181698e-40
1.527999999999999844e-02 2.621094107779905066e-40
1.529999999999999936e-02 2.632512419431948609e-40
1.531999999999999855e-02 2.643959396074573171e-40
1.533999999999999947e-02 2.655435024708032934e-40
1.535999999999999865e-02 2.666939292004314809e-40
1.537999999999999957e-02 2.678472184306905571e-40
1.539999999999999876e-02 2.690033687630546743e-40
1.541999999999999968e-02 2.701623787661015599e-40
1.543999999999999886e-02 2.713242469754873528e-40
1.545999999999999805e-02 2.724889718939265789e-40
1.547999999999999897e-02 2.736565519911683336e-40
1.549999999999999815e-02 2.748269857039756459e-40
1.551999999999999907e-02 2.760002714361035775e-40
1.553999999999999826e-02 2.771764075582791170e-40
1.555999999999999918e-02 2.783553924081809103e-40
1.557999999999999836e-02 2.795372242904178498e-40
1.559999999999999928e-02 2.807219014765124346e-40
1.561999999999999847e-02 2.819094222048786662e-40
1.563999999999999765e-02 2.830997846808059801e-40
1.565999999999999684e-02 2.842929870764393024e-40
1.567999999999999949e-02 2.854890275307626960e-40
1.569999999999999868e-02 2.866879041495802333e-40
1.571999999999999786e-02 2.878896150055017223e-40
1.574000000000000052e-02 2.890941581379242314e-40
1.575999999999999970e-02 2.903015315530157355e-40
1.577999999999999889e-02 2.915117332237021881e-40
1.579999999999999807e-02 2.927247610896495355e-40
1.581999999999999726e-02 2.939406130572507070e-40
1.583999999999999991e-02 2.951592869996108109e-40
1.585999999999999910e-02 2.963807807565331457e-40
1.587999999999999828e-02 2.976050921345057823e-40
1.589999999999999747e-02 2.988322189066896150e-40
1.592000000000000012e-02 3.000621588129045761e-40
1.593999999999999931e-02 3.012949095596176464e-40
1.595999999999999849e-02 3.025304688199322102e-40
1.597999999999999768e-02 3.037688342335758614e-40
1.600000000000000033e-02 3.050100034068905749e-40
1.601999999999999952e-02 3.062539739128208384e-40
1.603999999999999870e-02 3.075007432909055774e-40
1.605999999999999789e-02 3.087503090472673071e-40
1.608000000000000054e-02 3.100026686546040164e-40
1.609999999999999973e-02 3.112578195521798285e-40
1.611999999999999891e-02 3.125157591458172114e-40
1.613999999999999810e-02 3.137764848078899223e-40
1.615999999999999728e-02 3.150399938773143212e-40
1.617999999999999994e-02 3.163062836595437421e-40
1.619999999999999912e-02 3.175753514265610711e-40
1.621999999999999831e-02 3.188471944168743824e-40
1.623999999999999749e-02 3.201218098355097197e-40
1.626000000000000015e-02 3.213991948540071399e-40
1.627999999999999933e-02 3.226793466104147187e-40
1.629999999999999852e-02 3.239622622092867145e-40
1.631999999999999770e-02 3.252479387216772071e-40
1.634000000000000036e-02 3.265363731851389956e-40
1.635999999999999954e-02 3.278275626037187055e-40
1.637999999999999873e-02 3.291215039479560128e-40
1.639999999999999791e-02 3.304181941548805043e-40
1.641999999999999710e-02 3.317176301280113105e-40
1.643999999999999975e-02 3.330198087373548216e-40
1.645999999999999894e-02 3.343247268194042388e-40
1.647999999999999812e-02 3.356323811771400233e-40
1.649999999999999731e-02 3.369427685800291209e-40
1.651999999999999996e-02 3.382558857640273278e-40
1.653999999999999915e-02 3.395717294315772514e-40
1.655999999999999833e-02 3.408902962516135711e-40
1.657999999999999752e-02 3.422115828595622638e-40
1.660000000000000017e-02 3.435355858573445596e-40
1.661999999999999936e-02 3.448623018133784505e-40
1.663999999999999854e-02 3.461917272625834627e-40
1.665999999999999773e-02 3.475238587063829809e-40
1.668000000000000038e-02 3.488586926127102024e-40
1.669999999999999957e-02 3.501962254160103397e-40
1.671999999999999875e-02 3.515364535172480431e-40
1.673999999999999794e-02 3.528793732839110708e-40
1.675999999999999712e-02 3.542249810500175081e-40
1.677999999999999978e-02 3.555732731161218433e-40
1.679999999999999896e-02 3.569242457493210452e-40
1.681999999999999815e-02 3.582778951832625561e-40
1.683999999999999733e-02 3.596342176181520407e-40
1.685999999999999999e-02 3.609932092207615835e-40
1.687999999999999917e-02 3.623548661244371525e-40
1.689999999999999836e-02 3.637191844291089980e-40
1.691999999999999754e-02 3.650861602013009523e-40
1.694000000000000020e-02 3.664557894741398496e-40
1.695999999999999938e-02 3.678280682473650291e-40
1.697999999999999857e-02 3.692029924873418342e-40
1.699999999999999775e-02 3.705805581270698501e-40
1.702000000000000041e-02 3.719607610661963631e-40
1.703999999999999959e-02 3.733435971710282686e-40
1.705999999999999878e-02 3.747290622745434092e-40
1.707999999999999796e-02 3.761171521764058273e-40
1.709999999999999715e-02 3.775078626429768584e-40
1.711999999999999980e-02 3.789011894073307918e-40
1.713999999999999899e-02 3.802971281692671052e-40
1.715999999999999817e-02 3.816956745953280837e-40
1.717999999999999736e-02 3.830968243188117880e-40
1.720000000000000001e-02 3.845005729397889392e-40
1.721999999999999920e-02 3.859069160251168666e-40
1.723999999999999838e-02 3.873158491084594912e-40
1.725999999999999757e-02 3.887273676903015185e-40
1.728000000000000022e-02 3.901414672379665459e-40
1.729999999999999941e-02 3.915581431856353340e-40
1.731999999999999859e-02 3.929773909343641585e-40
1.733999999999999778e-02 3.943992058521021842e-40
1.735999999999999696e-02 3.958235832737123459e-40
1.737999999999999962e-02 3.972505185009903533e-40
1.739999999999999880e-02 3.986800068026838591e-40
1.741999999999999799e-02 4.001120434145139923e-40
1.743999999999999717e-02 4.015466235391959950e-40
1.745999999999999983e-02 4.029837423464601844e-40
1.747999999999999901e-02 4.044233949730742206e-40
1.749999999999999820e-02 4.058655765228646403e-40
1.751999999999999738e-02 4.073102820667405922e-40
1.754000000000000004e-02 4.087575066427161865e-40
1.755999999999999922e-02 4.102072452559335779e-40
1.757999999999999841e-02 4.116594928786877622e-40
1.759999999999999759e-02 4.131142444504508826e-40
1.762000000000000025e-02 4.145714948778968627e-40
1.763999999999999943e-02 4.160312390349265293e-40
1.765999999999999862e-02 4.174934717626929794e-40
1.767999999999999780e-02 4.189581878696290679e-40
1.769999999999999699e-02 4.204253821314725300e-40
1.771999999999999964e-02 4.218950492912942033e-40
1.773999999999999883e-02 4.233671840595237212e-40
1.775999999999999801e-02 4.248417811139792029e-40
1.777999999999999720e-02 4.263188350998948229e-40
1.779999999999999985e-02 4.277983406299497669e-40
1.781999999999999904e-02 4.292802922842962909e-40
1.783999999999999822e-02 4.307646846105914501e-40
1.785999999999999741e-02 4.322515121240250765e-40
1.788000000000000006e-02 4.337407693073515081e-40
1.789999999999999925e-02 4.352324506109198499e-40
1.791999999999999843e-02 4.367265504527057846e-40
1.793999999999999762e-02 4.382230632183425683e-40
1.796000000000000027e-02 4.397219832611547169e-40
1.797999999999999945e-02 4.412233049021884307e-40
1.799999999999999864e-02 4.427270224302467490e-40
1.801999999999999783e-02 4.442331301019219326e-40
1.803999999999999701e-02 4.457416221416290684e-40
1.805999999999999966e-02 4.472524927416421223e-40
1.807999999999999885e-02 4.487657360621259943e-40
1.809999999999999803e-02 4.502813462311742024e-40
1.811999999999999722e-02 4.517993173448433037e-40
1.813999999999999987e-02 4.533196434671896803e-40
1.815999999999999906e-02 4.548423186303042056e-40
1.817999999999999824e-02 4.563673368343515588e-40
1.819999999999999743e-02 4.578946920476057880e-40
1.822000000000000008e-02 4.594243782064895436e-40
1.823999999999999927e-02 4.609563892156102936e-40
1.825999999999999845e-02 4.624907189478006992e-40
1.827999999999999764e-02 4.640273612441571953e-40
1.830000000000000029e-02 4.655663099140786533e-40
1.831999999999999948e-02 4.671075587353071639e-40
1.833999999999999866e-02 4.686511014539676786e-40
1.835999999999999785e-02 4.701969317846092821e-40
1.837999999999999703e-02 4.717450434102457309e-40
1.839999999999999969e-02 4.732954299823987647e-40
1.841999999999999887e-02 4.748480851211361983e-40
1.843999999999999806e-02 4.764030024151189035e-40
1.845999999999999724e-02 4.779601754216403686e-40
1.847999999999999990e-02 4.795195976666723761e-40
1.849999999999999908e-02 4.810812626449050512e-40
1.851999999999999827e-02 4.826451638197954756e-40
1.853999999999999745e-02 4.842112946236087969e-40
1.856000000000000011e-02 4.857796484574651289e-40
1.857999999999999929e-02 4.873502186913827009e-40
1.859999999999999848e-02 4.889229986643262256e-40
1.861999999999999766e-02 4.904979816842509458e-40
1.864000000000000032e-02 4.920751610281508392e-40
1.865999999999999950e-02 4.936545299421034809e-40
1.867999999999999869e-02 4.952360816413198792e-40
1.869999999999999787e-02 4.968198093101903987e-40
1.871999999999999706e-02 4.984057061023341067e-40
1.873999999999999971e-02 4.999937651406475509e-40
1.875999999999999890e-02 5.015839795173516594e-40
1.877999999999999808e-02 5.031763422940439431e-40
1.879999999999999727e-02 5.047708465017472729e-40
1.881999999999999992e-02 5.063674851409603687e-40
1.883999999999999911e-02 5.079662511817065762e-40
1.885999999999999829e-02 5.095671375635884350e-40
1.887999999999999748e-02 5.111701371958362916e-40
1.890000000000000013e-02 5.127752429573620523e-40
1.891999999999999932e-02 5.143824476968097536e-40
1.893999999999999850e-02 5.159917442326098043e-40
1.895999999999999769e-02 5.176031253530308615e-40
1.897999999999999687e-02 5.192165838162352955e-40
1.899999999999999953e-02 5.208321123503312296e-40
1.901999999999999871e-02 5.224497036534266178e-40
1.903999999999999790e-02 5.240693503936856896e-40
1.905999999999999708e-02 5.256910452093829461e-40
1.907999999999999974e-02 5.273147807089600121e-40
1.909999999999999892e-02 5.289405494710788989e-40
1.911999999999999811e-02 5.305683440446810581e-40
1.913999999999999729e-02 5.321981569490424393e-40
1.915999999999999995e-02 5.338299806738325434e-40
1.917999999999999913e-02 5.354638076791690727e-40
1.919999999999999832e-02 5.370996303956781265e-40
1.921999999999999750e-02 5.387374412245522764e-40
1.924000000000000016e-02 5.403772325376082335e-40
1.925999999999999934e-02 5.420189966773467998e-40
1.927999999999999853e-02 5.436627259570118409e-40
1.929999999999999771e-02 5.453084126606514601e-40
1.931999999999999690e-02 5.469560490431763189e-40
1.933999999999999955e-02 5.486056273304227689e-40
1.935999999999999874e-02 5.502571397192103564e-40
1.937999999999999792e-02 5.519105783774073198e-40
1.939999999999999711e-02 5.535659354439897255e-40
1.941999999999999976e-02 5.552232030291051709e-40
1.943999999999999895e-02 5.568823732141343671e-40
1.945999999999999813e-02 5.585434380517542714e-40
1.947999999999999732e-02 5.602063895660028504e-40
1.949999999999999997e-02 5.618712197523411526e-40
1.951999999999999916e-02 5.635379205777182349e-40
1.953999999999999834e-02 5.652064839806361706e-40
1.955999999999999753e-02 5.668769018712138351e-40
1.958000000000000018e-02 5.685491661312536261e-40
1.959999999999999937e-02 5.702232686143058204e-40
1.961999999999999855e-02 5.718992011457356206e-40
1.963999999999999774e-02 5.735769555227893876e-40
1.965999999999999692e-02 5.752565235146611980e-40
1.967999999999999958e-02 5.769378968625610344e-40
1.969999999999999876e-02 5.786210672797801191e-40
1.971999999999999795e-02 5.803060264517617958e-40
1.973999999999999713e-02 5.819927660361677615e-40
1.975999999999999979e-02 5.836812776629486209e-40
1.977999999999999897e-02 5.853715529344102002e-40
1.979999999999999816e-02 5.870635834252860592e-40
1.981999999999999734e-02 5.887573606828058443e-40
1.984000000000000000e-02 5.904528762267656799e-40
1.985999999999999918e-02 5.921501215495976630e-40
1.987999999999999837e-02 5.938490881164436805e-40
1.989999999999999755e-02 5.955497673652235176e-40
1.991999999999999674e-02 5.972521507067097351e-40
1.993999999999999939e-02 5.989562295245965931e-40
1.995999999999999858e-02 6.006619951755737871e-40
1.997999999999999776e-02 6.023694389894003471e-40
1.999999999999999695e-02 6.040785522689760076e-40
2.001999999999999960e-02 6.057893262904169834e-40
2.003999999999999879e-02 6.075017523031268504e-40
2.005999999999999797e-02 6.092158215298726467e-40
2.007999999999999716e-02 6.109315251668592616e-40
2.009999999999999981e-02 6.126488543838060259e-40
2.011999999999999900e-02 6.143678003240173487e-40
2.013999999999999818e-02 6.160883541044637124e-40
2.015999999999999737e-02 6.178105068158538592e-40
2.018000000000000002e-02 6.195342495227145627e-40
2.019999999999999921e-02 6.212595732634640375e-40
2.021999999999999839e-02 6.229864690504913851e-40
2.023999999999999758e-02 6.247149278702318796e-40
2.025999999999999676e-02 6.264449406832483705e-40
2.027999999999999942e-02 6.281764984243052635e-40
2.029999999999999860e-02 6.299095920024496792e-40
2.031999999999999779e-02 6.316442123010893488e-40
2.033999999999999697e-02 6.333803501780723040e-40
2.035999999999999963e-02 6.351179964657664864e-40
2.037999999999999881e-02 6.368571419711383770e-40
2.039999999999999800e-02 6.385977774758345623e-40
2.041999999999999718e-02 6.403398937362621593e-40
2.043999999999999984e-02 6.420834814836707892e-40
2.045999999999999902e-02 6.438285314242299021e-40
2.047999999999999821e-02 6.455750342391145038e-40
2.049999999999999739e-02 6.473229805845865583e-40
2.052000000000000005e-02 6.490723610920752495e-40
2.053999999999999923e-02 6.508231663682603419e-40
2.055999999999999842e-02 6.525753869951570907e-40
2.057999999999999760e-02 6.543290135301963407e-40
2.059999999999999679e-02 6.560840365063109043e-40
2.061999999999999944e-02 6.578404464320190040e-40
2.063999999999999863e-02 6.595982337915063285e-40
2.065999999999999781e-02 6.613573890447133898e-40
2.067999999999999700e-02 6.631179026274191286e-40
2.069999999999999965e-02 6.648797649513273751e-40
2.071999999999999884e-02 6.666429664041499644e-40
2.073999999999999802e-02 6.684074973496954811e-40
2.075999999999999721e-02 6.701733481279546593e-40
2.077999999999999986e-02 6.719405090551854557e-40
2.079999999999999905e-02 6.737089704240023653e-40
2.081999999999999823e-02 6.754787225034619025e-40
2.083999999999999742e-02 6.772497555391508561e-40
2.086000000000000007e-02 6.790220597532739729e-40
2.087999999999999926e-02 6.807956253447422941e-40
2.089999999999999844e-02 6.825704424892617363e-40
2.091999999999999763e-02 6.843465013394216725e-40
2.093999999999999681e-02 6.861237920247844917e-40
2.095999999999999946e-02 6.879023046519745067e-40
2.097999999999999865e-02 6.896820293047675950e-40
2.099999999999999784e-02 6.914629560441827977e-40
2.101999999999999702e-02 6.932450749085704116e-40
2.103999999999999967e-02 6.950283759137056269e-40
2.105999999999999886e-02 6.968128490528757217e-40
2.107999999999999804e-02 6.985984842969749236e-40
2.109999999999999723e-02 7.003852715945938066e-40
2.111999999999999988e-02 7.021732008721136629e-40
2.113999999999999907e-02 7.039622620337944315e-40
2.115999999999999825e-02 7.057524449618723335e-40
2.117999999999999744e-02 7.075437395166492681e-40
2.120000000000000009e-02 7.093361355365875116e-40
2.121999999999999928e-02 7.111296228384020503e-40
2.123999999999999846e-02 7.129241912171548708e-40
2.125999999999999765e-02 7.147198304463504748e-40
2.127999999999999683e-02 7.165165302780270699e-40
2.129999999999999949e-02 7.183142804428542857e-40
2.131999999999999867e-02 7.201130706502257523e-40
2.133999999999999786e-02 7.219128905883558371e-40
2.135999999999999704e-02 7.237137299243745072e-40
2.137999999999999970e-02 7.255155783044237402e-40
2.139999999999999888e-02 7.273184253537528755e-40
2.141999999999999807e-02 7.291222606768150256e-40
2.143999999999999725e-02 7.309270738573631611e-40
2.145999999999999991e-02 7.327328544585507637e-40
2.147999999999999909e-02 7.345395920230225278e-40
2.149999999999999828e-02 7.363472760730175422e-40
2.151999999999999746e-02 7.381558961104647220e-40
2.153999999999999665e-02 7.399654416170815861e-40
2.155999999999999930e-02 7.417759020544717285e-40
2.157999999999999849e-02 7.435872668642231875e-40
2.159999999999999767e-02 7.453995254680090983e-40
2.161999999999999686e-02 7.472126672676862254e-40
2.163999999999999951e-02 7.490266816453930050e-40
2.165999999999999870e-02 7.508415579636508505e-40
2.167999999999999788e-02 7.526572855654633372e-40
2.169999999999999707e-02 7.544738537744171811e-40
2.171999999999999972e-02 7.562912518947824026e-40
2.173999999999999891e-02 7.581094692116123269e-40
2.175999999999999809e-02 7.599284949908453783e-40
2.177999999999999728e-02 7.617483184794072015e-40
2.179999999999999993e-02 7.635689289053119671e-40
2.181999999999999912e-02 7.653903154777615559e-40
2.183999999999999830e-02 7.672124673872511058e-40
2.185999999999999749e-02 7.690353738056708068e-40
2.187999999999999667e-02 7.708590238864070429e-40
2.189999999999999933e-02 7.726834067644463077e-40
2.191999999999999851e-02 7.745085115564774884e-40
2.193999999999999770e-02 7.763343273609964343e-40
2.195999999999999688e-02 7.781608432584095454e-40
2.197999999999999954e-02 7.799880483111362199e-40
2.199999999999999872e-02 7.818159315637144011e-40
2.201999999999999791e-02 7.836444820429048192e-40
2.203999999999999709e-02 7.854736887577957221e-40
2.205999999999999975e-02 7.873035406999059756e-40
2.207999999999999893e-02 7.891340268432927305e-40
2.209999999999999812e-02 7.909651361446556649e-40
2.211999999999999730e-02 7.927968575434422042e-40
2.213999999999999996e-02 7.946291799619548626e-40
2.215999999999999914e-02 7.964620923054551586e-40
2.217999999999999833e-02 7.982955834622712824e-40
2.219999999999999751e-02 8.001296423039051112e-40
2.221999999999999670e-02 8.019642576851379186e-40
2.223999999999999935e-02 8.037994184441393475e-40
2.225999999999999854e-02 8.056351134025700208e-40
2.227999999999999772e-02 8.074713313656957336e-40
2.229999999999999691e-02 8.093080611224899009e-40
2.231999999999999956e-02 8.111452914457436722e-40
2.233999999999999875e-02 8.129830110921744142e-40
2.235999999999999793e-02 8.148212088025325632e-40
2.237999999999999712e-02 8.166598733017122286e-40
2.239999999999999977e-02 8.184989932988585344e-40
2.241999999999999896e-02 8.203385574874769182e-40
2.243999999999999814e-02 8.221785545455437345e-40
2.245999999999999733e-02 8.240189731356137598e-40
2.247999999999999651e-02 8.258598019049319380e-40
2.249999999999999917e-02 8.277010294855417005e-40
2.251999999999999835e-02 8.295426444943957335e-40
2.253999999999999754e-02 8.313846355334677236e-40
2.255999999999999672e-02 8.332269911898596989e-40
2.257999999999999938e-02 8.350697000359163856e-40
2.259999999999999856e-02 8.369127506293341799e-40
2.261999999999999775e-02 8.387561315132724046e-40
2.263999999999999693e-02 8.405998312164661972e-40
2.265999999999999959e-02 8.424438382533354822e-40
2.267999999999999877e-02 8.442881411241003059e-40
2.269999999999999796e-02 8.461327283148894827e-40
2.271999999999999714e-02 8.479775882978554405e-40
2.273999999999999980e-02 8.498227095312853140e-40
2.275999999999999898e-02 8.516680804597128538e-40
2.277999999999999817e-02 8.535136895140335976e-40
2.279999999999999735e-02 8.553595251116159642e-40
2.281999999999999654e-02 8.572055756564141405e-40
2.283999999999999919e-02 8.590518295390845588e-40
2.285999999999999838e-02 8.608982751370948691e-40
2.287999999999999756e-02 8.627449008148413944e-40
2.289999999999999675e-02 8.645916949237618560e-40
2.291999999999999940e-02 8.664386458024503811e-40
2.293999999999999859e-02 8.682857417767679443e-40
2.295999999999999777e-02 8.701329711599634117e-40
2.297999999999999696e-02 8.719803222527821871e-40
2.299999999999999961e-02 8.738277833435859515e-40
2.301999999999999880e-02 8.756753427084632672e-40
2.303999999999999798e-02 8.775229886113488273e-40
2.305999999999999717e-02 8.793707093041352019e-40
2.307999999999999982e-02 8.812184930267929035e-40
2.309999999999999901e-02 8.830663280074798491e-40
2.311999999999999819e-02 8.849142024626637096e-40
2.313999999999999738e-02 8.867621045972343082e-40
2.315999999999999656e-02 8.886100226046209126e-40
2.317999999999999922e-02 8.904579446669080596e-40
2.319999999999999840e-02 8.923058589549543149e-40
2.321999999999999759e-02 8.941537536285054879e-40
2.323999999999999677e-02 8.960016168363130655e-40
2.325999999999999943e-02 8.978494367162541147e-40
2.327999999999999861e-02 8.996972013954431916e-40
2.329999999999999780e-02 9.015448989903548539e-40
2.331999999999999698e-02 9.033925176069378540e-40
2.333999999999999964e-02 9.052400453407343884e-40
2.335999999999999882e-02 9.070874702769964120e-40
2.337999999999999801e-02 9.089347804908068448e-40
2.339999999999999719e-02 9.107819640471932760e-40
2.341999999999999985e-02 9.126290090012508025e-40
2.343999999999999903e-02 9.144759033982562220e-40
2.345999999999999822e-02 9.163226352737898927e-40
2.347999999999999740e-02 9.181691926538538416e-40
2.349999999999999659e-02 9.200155635549885672e-40
2.351999999999999924e-02 9.218617359843950631e-40
2.353999999999999843e-02 9.237076979400509681e-40
2.355999999999999761e-02 9.255534374108335681e-40
2.357999999999999680e-02 9.273989423766349679e-40
2.359999999999999945e-02 9.292442008084854197e-40
2.361999999999999864e-02 9.310892006686696361e-40
2.363999999999999782e-02 9.329339299108501187e-40
2.365999999999999701e-02 9.347783764801841242e-40
2.367999999999999966e-02 9.366225283134455244e-40
2.369999999999999885e-02 9.384663733391448718e-40
2.371999999999999803e-02 9.403098994776484861e-40
2.373999999999999722e-02 9.421530946413009675e-40
2.375999999999999987e-02 9.439959467345433040e-40
2.377999999999999906e-02 9.458384436540357108e-40
2.379999999999999824e-02 9.476805732887785111e-40
2.381999999999999743e-02 9.495223235202300813e-40
2.383999999999999661e-02 9.513636822224308316e-40
2.385999999999999927e-02 9.532046372621255556e-40
2.387999999999999845e-02 9.550451764988807226e-40
2.389999999999999764e-02 9.568852877852082953e-40
2.391999999999999682e-02 9.587249589666871003e-40
2.393999999999999947e-02 9.605641778820851776e-40
2.395999999999999866e-02 9.624029323634782152e-40
2.397999999999999785e-02 9.642412102363758131e-40
2.399999999999999703e-02 9.660789993198404076e-40
2.401999999999999968e-02 9.679162874266110888e-40
2.403999999999999887e-02 9.697530623632233396e-40
2.405999999999999805e-02 9.715893119301346482e-40
2.407999999999999724e-02 9.734250239218432684e-40
2.409999999999999643e-02 9.752601861270143213e-40
2.411999999999999908e-02 9.770947863285982294e-40
2.413999999999999826e-02 9.789288123039571445e-40
2.415999999999999745e-02 9.807622518249845239e-40
2.417999999999999663e-02 9.825950926582310686e-40
2.419999999999999929e-02 9.844273225650251155e-40
2.421999999999999847e-02 9.862589293015954759e-40
2.423999999999999766e-02 9.880899006191970477e-40
2.425999999999999684e-02 9.899202242642316970e-40
2.427999999999999950e-02 9.917498879783720752e-40
2.429999999999999868e-02 9.935788794986841321e-40
2.431999999999999787e-02 9.954071865577520752e-40
2.433999999999999705e-02 9.972347968838016979e-40
2.435999999999999971e-02 9.990616982008220766e-40
2.437999999999999889e-02 1.000887878228692488e-39
2.439999999999999808e-02 1.002713324683299864e-39
2.441999999999999726e-02 1.004538025276670277e-39
2.443999999999999645e-02 1.006361967717088354e-39
2.445999999999999910e-02 1.008185139709220603e-39
2.447999999999999829e-02 1.010007528954241840e-39
2.449999999999999747e-02 1.011829123149958032e-39
2.451999999999999666e-02 1.013649909990929459e-39
2.453999999999999931e-02 1.015469877168596652e-39
2.455999999999999850e-02 1.017289012371403559e-39
2.457999999999999768e-02 1.019107303284920549e-39
2.459999999999999687e-02 1.020924737591972629e-39
2.461999999999999952e-02 1.022741302972758864e-39
2.463999999999999871e-02 1.024556987104979940e-39
2.465999999999999789e-02 1.026371777663962476e-39
2.467999999999999708e-02 1.028185662322781860e-39
2.469999999999999973e-02 1.029998628752389167e-39
2.471999999999999892e-02 1.031810664621733510e-39
2.473999999999999810e-02 1.033621757597887813e-39
2.475999999999999729e-02 1.035431895346173280e-39
2.477999999999999647e-02 1.037241065530284850e-39
2.479999999999999913e-02 1.039049255812414845e-39
2.481999999999999831e-02 1.040856453853377931e-39
2.483999999999999750e-02 1.042662647312737224e-39
2.485999999999999668e-02 1.044467823848926959e-39
2.487999999999999934e-02 1.046271971119379902e-39
2.489999999999999852e-02 1.048075076780651328e-39
2.491999999999999771e-02 1.049877128488542676e-39
2.493999999999999689e-02 1.051678113898228303e-39
2.495999999999999955e-02 1.053478020664379793e-39
2.497999999999999873e-02 1.055276836441292380e-39
2.499999999999999792e-02 1.057074548883005999e-39
2.501999999999999710e-02 1.058871145643436928e-39
2.503999999999999629e-02 1.060666614376494431e-39
2.505999999999999894e-02 1.062460942736216973e-39
2.507999999999999813e-02 1.064254118376885923e-39
2.509999999999999731e-02 1.066046128953158020e-39
2.511999999999999650e-02 1.067836962120188697e-39
2.513999999999999915e-02 1.069626605533756392e-39
2.515999999999999834e-02 1.071415046850388484e-39
2.517999999999999752e-02 1.073202273727487885e-39
2.519999999999999671e-02 1.074988273823455552e-39
2.521999999999999936e-02 1.076773034797817569e-39
2.523999999999999855e-02 1.078556544311349940e-39
2.525999999999999773e-02 1.080338790026204532e-39
2.527999999999999692e-02 1.082119759606033213e-39
2.529999999999999957e-02 1.083899440716114450e-39
2.531999999999999876e-02 1.085677821023475488e-39
2.533999999999999794e-02 1.087454888197021884e-39
2.535999999999999713e-02 1.089230629907661156e-39
2.537999999999999631e-02 1.091005033828426278e-39
2.539999999999999897e-02 1.092778087634603576e-39
2.541999999999999815e-02 1.094549779003855073e-39
2.543999999999999734e-02 1.096320095616346553e-39
2.545999999999999652e-02 1.098089025154872032e-39
2.547999999999999918e-02 1.099856555304977079e-39
2.549999999999999836e-02 1.101622673755085904e-39
2.551999999999999755e-02 1.103387368196626805e-39
2.553999999999999673e-02 1.105150626324155655e-39
2.555999999999999939e-02 1.106912435835482826e-39
2.557999999999999857e-02 1.108672784431796185e-39
2.559999999999999776e-02 1.110431659817788343e-39
2.561999999999999694e-02 1.112189049701780955e-39
2.563999999999999960e-02 1.113944941795848219e-39
2.565999999999999878e-02 1.115699323815945093e-39
2.567999999999999797e-02 1.117452183482028668e-39
2.569999999999999715e-02 1.119203508518185738e-39
2.571999999999999634e-02 1.120953286652757103e-39
2.573999999999999899e-02 1.122701505618461881e-39
2.575999999999999818e-02 1.124448153152521816e-39
2.577999999999999736e-02 1.126193216996788187e-39
2.579999999999999655e-02 1.127936684897864983e-39
2.581999999999999920e-02 1.129678544607233039e-39
2.583999999999999839e-02 1.131418783881376308e-39
2.585999999999999757e-02 1.133157390481906160e-39
2.587999999999999676e-02 1.134894352175685043e-39
2.589999999999999941e-02 1.136629656734951766e-39
2.591999999999999860e-02 1.138363291937445318e-39
2.593999999999999778e-02 1.140095245566531293e-39
2.595999999999999697e-02 1.141825505411322774e-39
2.597999999999999962e-02 1.143554059266808882e-39
2.599999999999999881e-02 1.145280894933975001e-39
2.601999999999999799e-02 1.147006000219929863e-39
2.603999999999999718e-02 1.148729362938029199e-39
2.605999999999999636e-02 1.150450970907997111e-39
2.607999999999999902e-02 1.152170811956056904e-39
2.609999999999999820e-02 1.153888873915045443e-39
2.611999999999999739e-02 1.155605144624545942e-39
2.613999999999999657e-02 1.157319611931005582e-39
2.615999999999999923e-02 1.159032263687864714e-39
2.617999999999999841e-02 1.160743087755673986e-39
2.619999999999999760e-02 1.162452072002225176e-39
2.621999999999999678e-02 1.164159204302668486e-39
2.623999999999999944e-02 1.165864472539641742e-39
2.625999999999999862e-02 1.167567864603388500e-39
2.627999999999999781e-02 1.169269368391885128e-39
2.629999999999999699e-02 1.170968971810962180e-39
2.631999999999999965e-02 1.172666662774429022e-39
2.633999999999999883e-02 1.174362429204194393e-39
2.635999999999999802e-02 1.176056259030392668e-39
2.637999999999999720e-02 1.177748140191505228e-39
2.639999999999999639e-02 1.179438060634482808e-39
2.641999999999999904e-02 1.181126008314869810e-39
2.643999999999999823e-02 1.182811971196924359e-39
2.645999999999999741e-02 1.184495937253744416e-39
2.647999999999999660e-02 1.186177894467387342e-39
2.649999999999999925e-02 1.187857830828993890e-39
2.651999999999999844e-02 1.189535734338909241e-39
2.653999999999999762e-02 1.191211593006807481e-39
2.655999999999999681e-02 1.192885394851810027e-39
2.657999999999999946e-02 1.194557127902612553e-39
2.659999999999999865e-02 1.196226780197601788e-39
2.661999999999999783e-02 1.197894339784981128e-39
2.663999999999999702e-02 1.199559794722891356e-39
2.665999999999999620e-02 1.201223133079530217e-39
2.667999999999999886e-02 1.202884342933276562e-39
2.669999999999999804e-02 1.204543412372810579e-39
2.671999999999999723e-02 1.206200329497235649e-39
2.673999999999999641e-02 1.207855082416197760e-39
2.675999999999999907e-02 1.209507659250010472e-39
2.677999999999999825e-02 1.211158048129769755e-39
2.679999999999999744e-02 1.212806237197481235e-39
2.681999999999999662e-02 1.214452214606176021e-39
2.683999999999999928e-02 1.216095968520035334e-39
2.685999999999999846e-02 1.217737487114506009e-39
2.687999999999999765e-02 1.219376758576425776e-39
2.689999999999999683e-02 1.221013771104141536e-39
2.691999999999999948e-02 1.222648512907627630e-39
2.693999999999999867e-02 1.224280972208608840e-39
2.695999999999999786e-02 1.225911137240678172e-39
2.697999999999999704e-02 1.227538996249417737e-39
2.699999999999999623e-02 1.229164537492517350e-39
2.701999999999999888e-02 1.230787749239894428e-39
2.703999999999999806e-02 1.232408619773813735e-39
2.705999999999999725e-02 1.234027137389005485e-39
2.707999999999999644e-02 1.235643290392785086e-39
2.709999999999999909e-02 1.237257067105172874e-39
2.711999999999999827e-02 1.238868455859010596e-39
2.713999999999999746e-02 1.240477445000082285e-39
2.715999999999999664e-02 1.242084022887231230e-39
2.717999999999999930e-02 1.243688177892479226e-39
2.719999999999999848e-02 1.245289898401144353e-39
2.721999999999999767e-02 1.246889172811957618e-39
2.723999999999999685e-02 1.248485989537184651e-39
2.725999999999999951e-02 1.250080337002739900e-39
2.727999999999999869e-02 1.251672203648304245e-39
2.729999999999999788e-02 1.253261577927445070e-39
2.731999999999999706e-02 1.254848448307731101e-39
2.733999999999999625e-02 1.256432803270850357e-39
2.735999999999999890e-02 1.258014631312728093e-39
2.737999999999999809e-02 1.259593920943640500e-39
2.739999999999999727e-02 1.261170660688335104e-39
2.741999999999999646e-02 1.262744839086145930e-39
2.743999999999999911e-02 1.264316444691107699e-39
2.745999999999999830e-02 1.265885466072075570e-39
2.747999999999999748e-02 1.267451891812836877e-39
2.749999999999999667e-02 1.269015710512231367e-39
2.751999999999999932e-02 1.270576910784265225e-39
2.753999999999999851e-02 1.272135481258223147e-39
2.755999999999999769e-02 1.273691410578788731e-39
2.757999999999999688e-02 1.275244687406157367e-39
2.759999999999999606e-02 1.276795300416150754e-39
2.761999999999999872e-02 1.278343238300332889e-39
2.763999999999999790e-02 1.279888489766121973e-39
2.765999999999999709e-02 1.281431043536908686e-39
2.767999999999999627e-02 1.282970888352167930e-39
2.769999999999999893e-02 1.284508012967573023e-39
2.771999999999999811e-02 1.286042406155109893e-39
2.773999999999999730e-02 1.287574056703191756e-39
2.775999999999999648e-02 1.289102953416769889e-39
2.777999999999999914e-02 1.290629085117451895e-39
2.779999999999999832e-02 1.292152440643607908e-39
2.781999999999999751e-02 1.293673008850489187e-39
2.783999999999999669e-02 1.295190778610338719e-39
2.785999999999999935e-02 1.296705738812504112e-39
2.787999999999999853e-02 1.298217878363549171e-39
2.789999999999999772e-02 1.299727186187366138e-39
2.791999999999999690e-02 1.301233651225289393e-39
2.793999999999999609e-02 1.302737262436206058e-39
2.795999999999999874e-02 1.304238008796665790e-39
2.797999999999999793e-02 1.305735879300995617e-39
2.799999999999999711e-02 1.307230862961407777e-39
2.801999999999999630e-02 1.308722948808112440e-39
2.803999999999999895e-02 1.310212125889428636e-39
2.805999999999999814e-02 1.311698383271894210e-39
2.807999999999999732e-02 1.313181710040375281e-39
2.809999999999999651e-02 1.314662095298177826e-39
2.811999999999999916e-02 1.316139528167157959e-39
2.813999999999999835e-02 1.317613997787828942e-39
2.815999999999999753e-02 1.319085493319473261e-39
2.817999999999999672e-02 1.320554003940250946e-39
2.819999999999999937e-02 1.322019518847309355e-39
2.821999999999999856e-02 1.323482027256890195e-39
2.823999999999999774e-02 1.324941518404438816e-39
2.825999999999999693e-02 1.326397981544714327e-39
2.827999999999999611e-02 1.327851405951896449e-39
2.829999999999999877e-02 1.329301780919692529e-39
2.831999999999999795e-02 1.330749095761446839e-39
2.833999999999999714e-02 1.332193339810246612e-39
2.835999999999999632e-02 1.333634502419030853e-39
2.837999999999999898e-02 1.335072572960697350e-39
2.839999999999999816e-02 1.336507540828205615e-39
2.841999999999999735e-02 1.337939395434691239e-39
2.843999999999999653e-02 1.339368126213563116e-39
2.845999999999999919e-02 1.340793722618617477e-39
2.847999999999999837e-02 1.342216174124137888e-39
2.849999999999999756e-02 1.343635470225004711e-39
2.851999999999999674e-02 1.345051600436798045e-39
2.853999999999999940e-02 1.346464554295905386e-39
2.855999999999999858e-02 1.347874321359623104e-39
2.857999999999999777e-02 1.349280891206265409e-39
2.859999999999999695e-02 1.350684253435263377e-39
2.861999999999999614e-02 1.352084397667276692e-39
2.863999999999999879e-02 1.353481313544289735e-39
2.865999999999999798e-02 1.354874990729718920e-39
2.867999999999999716e-02 1.356265418908517760e-39
2.869999999999999635e-02 1.357652587787276367e-39
2.871999999999999900e-02 1.359036487094328638e-39
2.873999999999999819e-02 1.360417106579849482e-39
2.875999999999999737e-02 1.361794436015963133e-39
2.877999999999999656e-02 1.363168465196840712e-39
2.879999999999999921e-02 1.364539183938807400e-39
2.881999999999999840e-02 1.365906582080435914e-39
2.883999999999999758e-02 1.367270649482657599e-39
2.885999999999999677e-02 1.368631376028855419e-39
2.887999999999999942e-02 1.369988751624970637e-39
2.889999999999999861e-02 1.371342766199600214e-39
2.891999999999999779e-02 1.372693409704098108e-39
2.893999999999999698e-02 1.374040672112674462e-39
2.895999999999999616e-02 1.375384543422499519e-39
2.897999999999999882e-02 1.376725013653797909e-39
2.899999999999999800e-02 1.378062072849949798e-39
2.901999999999999719e-02 1.379395711077592515e-39
2.903999999999999637e-02 1.380725918426715167e-39
2.905999999999999903e-02 1.382052685010760604e-39
2.907999999999999821e-02 1.383376000966721172e-39
2.909999999999999740e-02 1.384695856455239201e-39
2.911999999999999658e-02 1.386012241660702446e-39
2.913999999999999924e-02 1.387325146791343101e-39
2.915999999999999842e-02 1.388634562079333558e-39
2.917999999999999761e-02 1.389940477780884783e-39
2.919999999999999679e-02 1.391242884176340923e-39
2.921999999999999598e-02 1.392541771570279151e-39
2.923999999999999863e-02 1.393837130291600854e-39
2.925999999999999782e-02 1.395128950693632613e-39
2.927999999999999700e-02 1.396417223154215923e-39
2.929999999999999619e-02 1.397701938075808667e-39
2.931999999999999884e-02 1.398983085885575976e-39
2.933999999999999803e-02 1.400260657035483541e-39
2.935999999999999721e-02 1.401534642002396965e-39
2.937999999999999640e-02 1.402805031288172788e-39
2.939999999999999905e-02 1.404071815419751146e-39
2.941999999999999824e-02 1.405334984949251203e-39
2.943999999999999742e-02 1.406594530454063323e-39
2.945999999999999661e-02 1.407850442536942057e-39
2.947999999999999926e-02 1.409102711826102222e-39
2.949999999999999845e-02 1.410351328975304390e-39
2.951999999999999763e-02 1.411596284663950477e-39
2.953999999999999682e-02 1.412837569597178527e-39
2.955999999999999600e-02 1.414075174505947053e-39
2.957999999999999866e-02 1.415309090147135193e-39
2.959999999999999784e-02 1.416539307303623146e-39
2.961999999999999703e-02 1.417765816784391343e-39
2.963999999999999621e-02 1.418988609424606758e-39
2.965999999999999887e-02 1.420207676085713435e-39
2.967999999999999805e-02 1.421423007655520586e-39
2.969999999999999724e-02 1.422634595048295739e-39
2.971999999999999642e-02 1.423842429204849402e-39
2.973999999999999908e-02 1.425046501092626907e-39
2.975999999999999826e-02 1.426246801705793079e-39
2.977999999999999745e-02 1.427443322065326194e-39
2.979999999999999663e-02 1.428636053219100696e-39
2.981999999999999929e-02 1.429824986241976257e-39
2.983999999999999847e-02 1.431010112235883758e-39
2.985999999999999766e-02 1.432191422329915821e-39
2.987999999999999684e-02 1.433368907680407072e-39
2.989999999999999603e-02 1.434542559471028432e-39
2.991999999999999868e-02 1.435712368912864116e-39
2.993999999999999787e-02 1.436878327244503639e-39
2.995999999999999705e-02 1.438040425732125666e-39
2.997999999999999624e-02 1.439198655669580721e-39
2.999999999999999889e-02 1.440353008378478138e-39
3.001999999999999807e-02 1.441503475208269090e-39
3.003999999999999726e-02 1.442650047536331099e-39
3.005999999999999645e-02 1.443792716768051229e-39
3.007999999999999910e-02 1.444931474336910426e-39
3.009999999999999828e-02 1.446066311704563944e-39
3.011999999999999747e-02 1.447197220360927315e-39
3.013999999999999665e-02 1.448324191824256610e-39
3.015999999999999584e-02 1.449447217641230984e-39
3.017999999999999849e-02 1.450566289387035222e-39
3.019999999999999768e-02 1.451681398665437226e-39
3.021999999999999686e-02 1.452792537108875291e-39
3.023999999999999605e-02 1.453899696378532659e-39
3.025999999999999870e-02 1.455002868164422833e-39
3.027999999999999789e-02 1.456102044185465762e-39
3.029999999999999707e-02 1.457197216189569247e-39
3.031999999999999626e-02 1.458288375953709688e-39
3.033999999999999891e-02 1.459375515284007450e-39
3.035999999999999810e-02 1.460458626015809252e-39
3.037999999999999728e-02 1.461537700013763361e-39
3.039999999999999647e-02 1.462612729171900516e-39
3.041999999999999912e-02 1.463683705413708798e-39
3.043999999999999831e-02 1.464750620692212917e-39
3.045999999999999749e-02 1.465813466990051371e-39
3.047999999999999668e-02 1.466872236319549370e-39
3.049999999999999586e-02 1.467926920722802028e-39
3.051999999999999852e-02 1.468977512271742559e-39
3.053999999999999770e-02 1.470024003068224325e-39
3.055999999999999689e-02 1.471066385244091482e-39
3.057999999999999607e-02 1.472104650961255316e-39
3.059999999999999873e-02 1.473138792411772065e-39
3.061999999999999791e-02 1.474168801817911104e-39
3.063999999999999710e-02 1.475194671432232925e-39
3.065999999999999628e-02 1.476216393537662219e-39
3.067999999999999894e-02 1.477233960447560958e-39
3.069999999999999812e-02 1.478247364505798547e-39
3.071999999999999731e-02 1.479256598086828816e-39
3.073999999999999649e-02 1.480261653595758541e-39
3.075999999999999915e-02 1.481262523468420198e-39
3.077999999999999833e-02 1.482259200171445049e-39
3.079999999999999752e-02 1.483251676202330024e-39
3.081999999999999670e-02 1.484239944089513089e-39
3.083999999999999589e-02 1.485223996392442740e-39
3.085999999999999854e-02 1.486203825701643586e-39
3.087999999999999773e-02 1.487179424638791383e-39
3.089999999999999691e-02 1.488150785856779273e-39
3.091999999999999610e-02 1.489117902039787600e-39
3.093999999999999875e-02 1.490080765903353080e-39
3.095999999999999794e-02 1.491039370194435034e-39
3.097999999999999712e-02 1.491993707691483899e-39
3.099999999999999631e-02 1.492943771204512036e-39
3.101999999999999896e-02 1.493889553575155383e-39
3.103999999999999815e-02 1.494831047676742309e-39
3.105999999999999733e-02 1.495768246414363425e-39
3.107999999999999652e-02 1.496701142724930642e-39
3.109999999999999917e-02 1.497629729577250583e-39
3.111999999999999836e-02 1.498553999972082325e-39
3.113999999999999754e-02 1.499473946942208534e-39
3.115999999999999673e-02 1.500389563552495816e-39
3.117999999999999591e-02 1.501300842899961606e-39
3.119999999999999857e-02 1.502207778113836483e-39
3.121999999999999775e-02 1.503110362355627465e-39
3.123999999999999694e-02 1.504008588819181634e-39
3.125999999999999612e-02 1.504902450730749099e-39
3.127999999999999531e-02 1.505791941349043688e-39
3.129999999999999449e-02 1.506677053965307870e-39
3.131999999999999368e-02 1.507557781903369855e-39
3.133999999999999286e-02 1.508434118519710148e-39
3.135999999999999205e-02 1.509306057203519301e-39
3.137999999999999123e-02 1.510173591376756642e-39
3.139999999999999736e-02 1.511036714494214870e-39
3.141999999999999654e-02 1.511895420043574548e-39
3.143999999999999573e-02 1.512749701545468046e-39
3.145999999999999491e-02 1.513599552553535008e-39
3.147999999999999410e-02 1.514444966654485974e-39
3.149999999999999328e-02 1.515285937468151320e-39
3.151999999999999247e-02 1.516122458647550423e-39
3.153999999999999165e-02 1.516954523878938975e-39
3.155999999999999084e-02 1.517782126881874232e-39
3.157999999999999696e-02 1.518605261409263628e-39
3.159999999999999615e-02 1.519423921247429050e-39
3.161999999999999533e-02 1.520238100216156758e-39
3.163999999999999452e-02 1.521047792168755130e-39
3.165999999999999370e-02 1.521852990992110457e-39
3.167999999999999289e-02 1.522653690606742734e-39
3.169999999999999207e-02 1.523449884966854597e-39
3.171999999999999126e-02 1.524241568060391686e-39
3.173999999999999738e-02 1.525028733909091579e-39
3.175999999999999657e-02 1.525811376568540245e-39
3.177999999999999575e-02 1.526589490128223257e-39
3.179999999999999494e-02 1.527363068711578982e-39
3.181999999999999412e-02 1.528132106476049147e-39
3.183999999999999331e-02 1.528896597613131697e-39
3.185999999999999249e-02 1.529656536348431036e-39
3.187999999999999168e-02 1.530411916941713496e-39
3.189999999999999086e-02 1.531162733686948772e-39
3.191999999999999699e-02 1.531908980912370278e-39
3.193999999999999617e-02 1.532650652980514303e-39
3.195999999999999536e-02 1.533387744288281020e-39
3.197999999999999454e-02 1.534120249266972332e-39
3.199999999999999373e-02 1.534848162382347016e-39
3.201999999999999291e-02 1.535571478134669003e-39
3.203999999999999210e-02 1.536290191058753059e-39
3.205999999999999128e-02 1.537004295724008831e-39
3.207999999999999741e-02 1.537713786734495661e-39
3.209999999999999659e-02 1.538418658728961733e-39
3.211999999999999578e-02 1.539118906380896604e-39
3.213999999999999496e-02 1.539814524398570360e-39
3.215999999999999415e-02 1.540505507525086791e-39
3.217999999999999333e-02 1.541191850538418956e-39
3.219999999999999252e-02 1.541873548251463671e-39
3.221999999999999170e-02 1.542550595512078375e-39
3.223999999999999089e-02 1.543222987203128114e-39
3.225999999999999701e-02 1.543890718242528607e-39
3.227999999999999620e-02 1.544553783583288332e-39
3.229999999999999538e-02 1.545212178213552577e-39
3.231999999999999457e-02 1.545865897156643890e-39
3.233999999999999375e-02 1.546514935471107438e-39
3.235999999999999294e-02 1.547159288250746890e-39
3.237999999999999212e-02 1.547798950624670747e-39
3.239999999999999131e-02 1.548433917757329866e-39
3.241999999999999049e-02 1.549064184848558568e-39
3.243999999999999662e-02 1.549689747133613788e-39
3.245999999999999580e-02 1.550310599883217164e-39
3.247999999999999499e-02 1.550926738403589623e-39
3.249999999999999417e-02 1.551538158036493793e-39
3.251999999999999336e-02 1.552144854159271527e-39
3.253999999999999254e-02 1.552746822184880112e-39
3.255999999999999173e-02 1.553344057561931102e-39
3.257999999999999091e-02 1.553936555774726855e-39
3.259999999999999704e-02 1.554524312343297402e-39
3.261999999999999622e-02 1.555107322823436338e-39
3.263999999999999541e-02 1.555685582806736055e-39
3.265999999999999459e-02 1.556259087920626572e-39
3.267999999999999378e-02 1.556827833828404241e-39
3.269999999999999296e-02 1.557391816229272536e-39
3.271999999999999215e-02 1.557951030858374348e-39
3.273999999999999133e-02 1.558505473486822660e-39
3.275999999999999052e-02 1.559055139921738712e-39
3.277999999999999664e-02 1.559600026006281372e-39
3.279999999999999583e-02 1.560140127619682695e-39
3.281999999999999501e-02 1.560675440677275657e-39
3.283999999999999420e-02 1.561205961130532656e-39
3.285999999999999338e-02 1.561731684967089976e-39
3.287999999999999257e-02 1.562252608210783682e-39
3.289999999999999175e-02 1.562768726921678331e-39
3.291999999999999094e-02 1.563280037196095679e-39
3.293999999999999706e-02 1.563786535166647638e-39
3.295999999999999625e-02 1.564288217002262703e-39
3.297999999999999543e-02 1.564785078908217269e-39
3.299999999999999462e-02 1.565277117126161414e-39
3.301999999999999380e-02 1.565764327934150538e-39
3.303999999999999299e-02 1.566246707646669840e-39
3.305999999999999217e-02 1.566724252614664005e-39
3.307999999999999136e-02 1.567196959225562649e-39
3.309999999999999054e-02 1.567664823903307735e-39
3.311999999999999666e-02 1.568127843108378359e-39
3.313999999999999585e-02 1.568586013337817510e-39
3.315999999999999504e-02 1.569039331125258495e-39
3.317999999999999422e-02 1.569487793040947125e-39
3.319999999999999341e-02 1.569931395691766187e-39
3.321999999999999259e-02 1.570370135721266436e-39
3.323999999999999178e-02 1.570804009809678995e-39
3.325999999999999096e-02 1.571233014673947331e-39
3.327999999999999708e-02 1.571657147067745520e-39
3.329999999999999627e-02 1.572076403781503376e-39
3.331999999999999545e-02 1.572490781642427326e-39
3.333999999999999464e-02 1.572900277514521298e-39
3.335999999999999382e-02 1.573304888298608899e-39
3.337999999999999301e-02 1.573704610932355608e-39
3.339999999999999220e-02 1.574099442390286389e-39
3.341999999999999138e-02 1.574489379683806250e-39
3.343999999999999057e-02 1.574874419861222426e-39
3.345999999999999669e-02 1.575254560007759714e-39
3.347999999999999587e-02 1.575629797245582335e-39
3.349999999999999506e-02 1.576000128733810898e-39
3.351999999999999424e-02 1.576365551668539037e-39
3.353999999999999343e-02 1.576726063282856581e-39
3.355999999999999261e-02 1.577081660846858687e-39
3.357999999999999180e-02 1.577432341667667699e-39
3.359999999999999098e-02 1.577778103089448156e-39
3.361999999999999711e-02 1.578118942493423759e-39
3.363999999999999629e-02 1.578454857297891402e-39
3.365999999999999548e-02 1.578785844958235850e-39
3.367999999999999466e-02 1.579111902966947034e-39
3.369999999999999385e-02 1.579433028853630489e-39
3.371999999999999303e-02 1.579749220185026934e-39
3.373999999999999222e-02 1.580060474565019119e-39
3.375999999999999140e-02 1.580366789634648467e-39
3.377999999999999059e-02 1.580668163072129429e-39
3.379999999999999671e-02 1.580964592592856991e-39
3.381999999999999590e-02 1.581256075949422001e-39
3.383999999999999508e-02 1.581542610931621618e-39
3.385999999999999427e-02 1.581824195366471052e-39
3.387999999999999345e-02 1.582100827118213356e-39
3.389999999999999264e-02 1.582372504088329535e-39
3.391999999999999182e-02 1.582639224215548666e-39
3.393999999999999101e-02 1.582900985475856702e-39
3.395999999999999713e-02 1.583157785882508547e-39
3.397999999999999632e-02 1.583409623486029361e-39
3.399999999999999550e-02 1.583656496374231852e-39
3.401999999999999469e-02 1.583898402672218557e-39
3.403999999999999387e-02 1.584135340542390002e-39
3.405999999999999306e-02 1.584367308184452204e-39
3.407999999999999224e-02 1.584594303835422547e-39
3.409999999999999143e-02 1.584816325769637934e-39
3.411999999999999061e-02 1.585033372298756095e-39
3.413999999999999674e-02 1.585245441771767658e-39
3.415999999999999592e-02 1.585452532574993867e-39
3.417999999999999511e-02 1.585654643132096692e-39
3.419999999999999429e-02 1.585851771904081117e-39
3.421999999999999348e-02 1.586043917389295138e-39
3.423999999999999266e-02 1.586231078123441183e-39
3.425999999999999185e-02 1.586413252679571544e-39
3.427999999999999103e-02 1.586590439668094901e-39
3.429999999999999716e-02 1.586762637736775998e-39
3.431999999999999634e-02 1.586929845570739232e-39
3.433999999999999553e-02 1.587092061892468324e-39
3.435999999999999471e-02 1.587249285461810563e-39
3.437999999999999390e-02 1.587401515075972890e-39
3.439999999999999308e-02 1.587548749569525159e-39
3.441999999999999227e-02 1.587690987814397204e-39
3.443999999999999145e-02 1.587828228719882100e-39
3.445999999999999064e-02 1.587960471232629637e-39
3.447999999999999676e-02 1.588087714336649255e-39
3.449999999999999595e-02 1.588209957053307440e-39
3.451999999999999513e-02 1.588327198441323800e-39
3.453999999999999432e-02 1.588439437596768137e-39
3.455999999999999350e-02 1.588546673653060115e-39
3.457999999999999269e-02 1.588648905780962085e-39
3.459999999999999187e-02 1.588746133188580389e-39
3.461999999999999106e-02 1.588838355121353287e-39
3.463999999999999024e-02 1.588925570862054549e-39
3.465999999999999637e-02 1.589007779730782034e-39
3.467999999999999555e-02 1.589084981084956058e-39
3.469999999999999474e-02 1.589157174319311238e-39
3.471999999999999392e-02 1.589224358865889642e-39
3.473999999999999311e-02 1.589286534194040132e-39
3.475999999999999229e-02 1.589343699810403362e-39
3.477999999999999148e-02 1.589395855258905574e-39
3.479999999999999066e-02 1.589443000120756642e-39
3.481999999999999679e-02 1.589485134014436696e-39
3.483999999999999597e-02 1.589522256595686006e-39
3.485999999999999516e-02 1.589554367557502701e-39
3.487999999999999434e-02 1.589581466630126453e-39
3.489999999999999353e-02 1.589603553581029994e-39
3.491999999999999271e-02 1.589620628214914224e-39
3.493999999999999190e-02 1.589632690373689939e-39
3.495999999999999108e-02 1.589639739936471306e-39
3.497999999999999027e-02 1.589641776819565098e-39
3.499999999999999639e-02 1.589638800976453395e-39
3.501999999999999558e-02 1.589630812397790659e-39
3.503999999999999476e-02 1.589617811111379905e-39
3.505999999999999395e-02 1.589599797182168469e-39
3.507999999999999313e-02 1.589576770712232993e-39
3.509999999999999232e-02 1.589548731840760831e-39
3.511999999999999150e-02 1.589515680744041566e-39
3.513999999999999069e-02 1.589477617635450372e-39
3.515999999999999681e-02 1.589434542765432347e-39
3.517999999999999600e-02 1.589386456421485883e-39
3.519999999999999518e-02 1.589333358928151564e-39
3.521999999999999437e-02 1.589275250646992596e-39
3.523999999999999355e-02 1.589212131976579469e-39
3.525999999999999274e-02 1.589144003352470711e-39
3.527999999999999192e-02 1.589070865247199834e-39
3.529999999999999111e-02 1.588992718170252821e-39
3.531999999999999029e-02 1.588909562668056713e-39
3.533999999999999642e-02 1.588821399323950889e-39
3.535999999999999560e-02 1.588728228758182505e-39
3.537999999999999479e-02 1.588630051627872234e-39
3.539999999999999397e-02 1.588526868627006760e-39
3.541999999999999316e-02 1.588418680486409743e-39
3.543999999999999234e-02 1.588305487973730073e-39
3.545999999999999153e-02 1.588187291893412505e-39
3.547999999999999071e-02 1.588064093086684934e-39
3.549999999999999684e-02 1.587935892431529362e-39
3.551999999999999602e-02 1.587802690842665252e-39
3.553999999999999521e-02 1.587664489271523758e-39
3.555999999999999439e-02 1.587521288706230430e-39
3.557999999999999358e-02 1.587373090171573568e-39
3.559999999999999276e-02 1.587219894728991823e-39
3.561999999999999195e-02 1.587061703476539614e-39
3.563999999999999113e-02 1.586898517548871793e-39
3.565999999999999032e-02 1.586730338117212973e-39
3.567999999999999644e-02 1.586557166389335349e-39
3.569999999999999563e-02 1.586379003609535200e-39
3.571999999999999481e-02 1.586195851058603202e-39
3.573999999999999400e-02 1.586007710053801262e-39
3.575999999999999318e-02 1.585814581948836746e-39
3.577999999999999237e-02 1.585616468133831807e-39
3.579999999999999155e-02 1.585413370035301523e-39
3.581999999999999074e-02 1.585205289116122910e-39
3.583999999999999686e-02 1.584992226875508486e-39
3.585999999999999605e-02 1.584774184848975933e-39
3.587999999999999523e-02 1.584551164608323951e-39
3.589999999999999442e-02 1.584323167761598654e-39
3.591999999999999360e-02 1.584090195953068124e-39
3.593999999999999279e-02 1.583852250863188798e-39
3.595999999999999197e-02 1.583609334208579048e-39
3.597999999999999116e-02 1.583361447741986553e-39
3.599999999999999034e-02 1.583108593252258279e-39
3.601999999999999647e-02 1.582850772564311118e-39
3.603999999999999565e-02 1.582587987539095020e-39
3.605999999999999484e-02 1.582320240073568197e-39
3.607999999999999402e-02 1.582047532100658948e-39
3.609999999999999321e-02 1.581769865589238907e-39
3.611999999999999239e-02 1.581487242544084218e-39
3.613999999999999158e-02 1.581199665005843885e-39
3.615999999999999076e-02 1.580907135051010736e-39
3.617999999999999688e-02 1.580609654791880641e-39
3.619999999999999607e-02 1.580307226376523145e-39
3.621999999999999525e-02 1.579999851988743623e-39
3.623999999999999444e-02 1.579687533848051306e-39
3.625999999999999363e-02 1.579370274209620131e-39
3.627999999999999281e-02 1.579048075364257742e-39
3.629999999999999200e-02 1.578720939638361445e-39
3.631999999999999118e-02 1.578388869393892764e-39
3.633999999999999037e-02 1.578051867028331104e-39
3.635999999999999649e-02 1.577709934974641457e-39
3.637999999999999567e-02 1.577363075701233615e-39
3.639999999999999486e-02 1.577011291711929219e-39
3.641999999999999404e-02 1.576654585545918366e-39
3.643999999999999323e-02 1.576292959777726001e-39
3.645999999999999241e-02 1.575926417017165592e-39
3.647999999999999160e-02 1.575554959909308457e-39
3.649999999999999079e-02 1.575178591134438413e-39
3.651999999999999691e-02 1.574797313408014585e-39
3.653999999999999609e-02 1.574411129480628991e-39
3.655999999999999528e-02 1.574020042137967385e-39
3.657999999999999446e-02 1.573624054200769461e-39
3.659999999999999365e-02 1.573223168524782843e-39
3.661999999999999283e-02 1.572817388000727850e-39
3.663999999999999202e-02 1.572406715554249537e-39
3.665999999999999120e-02 1.571991154145880825e-39
3.667999999999999039e-02 1.571570706770994867e-39
3.669999999999999651e-02 1.571145376459764264e-39
3.671999999999999570e-02 1.570715166277118325e-39
3.673999999999999488e-02 1.570280079322699676e-39
3.675999999999999407e-02 1.569840118730816621e-39
3.677999999999999325e-02 1.569395287670403665e-39
3.679999999999999244e-02 1.568945589344974534e-39
3.681999999999999162e-02 1.568491026992576497e-39
3.683999999999999081e-02 1.568031603885745341e-39
3.685999999999999693e-02 1.567567323331460997e-39
3.687999999999999612e-02 1.567098188671100562e-39
3.689999999999999530e-02 1.566624203280392292e-39
3.691999999999999449e-02 1.566145370569367643e-39
3.693999999999999367e-02 1.565661693982316244e-39
3.695999999999999286e-02 1.565173176997738267e-39
3.697999999999999204e-02 1.564679823128294830e-39
3.699999999999999123e-02 1.564181635920763951e-39
3.701999999999999041e-02 1.563678618955985742e-39
3.703999999999999654e-02 1.563170775848821290e-39
3.705999999999999572e-02 1.562658110248098832e-39
3.707999999999999491e-02 1.562140625836566765e-39
3.709999999999999409e-02 1.561618326330844063e-39
3.711999999999999328e-02 1.561091215481366758e-39
3.713999999999999246e-02 1.560559297072343579e-39
3.715999999999999165e-02 1.560022574921702111e-39
3.717999999999999083e-02 1.559481052881036268e-39
3.719999999999999696e-02 1.558934734835559640e-39
3.721999999999999614e-02 1.558383624704051656e-39
3.723999999999999533e-02 1.557827726438804075e-39
3.725999999999999451e-02 1.557267044025573032e-39
3.727999999999999370e-02 1.556701581483521280e-39
3.729999999999999288e-02 1.556131342865173825e-39
3.731999999999999207e-02 1.555556332256352996e-39
3.733999999999999125e-02 1.554976553776138642e-39
3.735999999999999044e-02 1.554392011576802550e-39
3.737999999999999656e-02 1.553802709843761794e-39
3.739999999999999575e-02 1.553208652795524242e-39
3.741999999999999493e-02 1.552609844683629183e-39
3.743999999999999412e-02 1.552006289792596425e-39
3.745999999999999330e-02 1.551397992439871808e-39
3.747999999999999249e-02 1.550784956975770438e-39
3.749999999999999167e-02 1.550167187783418935e-39
3.751999999999999086e-02 1.549544689278703557e-39
3.753999999999999004e-02 1.548917465910210495e-39
3.755999999999999617e-02 1.548285522159169427e-39
3.757999999999999535e-02 1.547648862539401970e-39
3.759999999999999454e-02 1.547007491597255121e-39
3.761999999999999372e-02 1.546361413911553296e-39
3.763999999999999291e-02 1.545710634093534056e-39
3.765999999999999209e-02 1.545055156786791663e-39
3.767999999999999128e-02 1.544394986667219983e-39
3.769999999999999046e-02 1.543730128442954412e-39
3.771999999999999659e-02 1.543060586854310539e-39
3.773999999999999577e-02 1.542386366673724760e-39
3.775999999999999496e-02 1.541707472705699148e-39
3.777999999999999414e-02 1.541023909786736845e-39
3.779999999999999333e-02 1.540335682785283665e-39
3.781999999999999251e-02 1.539642796601669690e-39
3.783999999999999170e-02 1.538945256168044345e-39
3.785999999999999088e-02 1.538243066448320931e-39
3.787999999999999007e-02 1.537536232438110395e-39
3.789999999999999619e-02 1.536824759164662602e-39
3.791999999999999538e-02 1.536108651686805322e-39
3.793999999999999456e-02 1.535387915094879631e-39
3.795999999999999375e-02 1.534662554510680203e-39
3.797999999999999293e-02 1.533932575087389405e-39
3.799999999999999212e-02 1.533197982009520530e-39
3.801999999999999130e-02 1.532458780492847970e-39
3.803999999999999049e-02 1.531714975784347189e-39
3.805999999999999661e-02 1.530966573162130770e-39
3.807999999999999580e-02 1.530213577935385777e-39
3.809999999999999498e-02 1.529455995444307847e-39
3.811999999999999417e-02 1.528693831060035610e-39
3.813999999999999335e-02 1.527927090184589350e-39
3.815999999999999254e-02 1.527155778250804127e-39
3.817999999999999172e-02 1.526379900722264517e-39
3.819999999999999091e-02 1.525599463093240338e-39
3.821999999999999009e-02 1.524814470888618794e-39
3.823999999999999622e-02 1.524024929663839213e-39
3.825999999999999540e-02 1.523230845004830411e-39
3.827999999999999459e-02 1.522432222527939234e-39
3.829999999999999377e-02 1.521629067879865636e-39
3.831999999999999296e-02 1.520821386737598731e-39
3.833999999999999214e-02 1.520009184808341421e-39
3.835999999999999133e-02 1.519192467829451346e-39
3.837999999999999051e-02 1.518371241568371716e-39
3.839999999999999664e-02 1.517545511822558550e-39
3.841999999999999582e-02 1.516715284419417713e-39
3.843999999999999501e-02 1.515880565216231499e-39
3.845999999999999419e-02 1.515041360100095995e-39
3.847999999999999338e-02 1.514197674987848320e-39
3.849999999999999256e-02 1.513349515825995823e-39
3.851999999999999175e-02 1.512496888590651165e-39
3.853999999999999093e-02 1.511639799287459551e-39
3.855999999999999012e-02 1.510778253951526634e-39
3.857999999999999624e-02 1.509912258647355214e-39
3.859999999999999543e-02 1.509041819468770853e-39
3.861999999999999461e-02 1.508166942538847812e-39
3.863999999999999380e-02 1.507287634009846078e-39
3.865999999999999298e-02 1.506403900063133069e-39
3.867999999999999217e-02 1.505515746909115761e-39
3.869999999999999135e-02 1.504623180787170873e-39
3.871999999999999054e-02 1.503726207965563952e-39
3.873999999999999666e-02 1.502824834741392931e-39
3.875999999999999585e-02 1.501919067440502315e-39
3.877999999999999503e-02 1.501008912417416305e-39
3.879999999999999422e-02 1.500094376055266362e-39
3.881999999999999340e-02 1.499175464765717470e-39
3.883999999999999259e-02 1.498252184988893753e-39
3.885999999999999177e-02 1.497324543193309953e-39
3.887999999999999096e-02 1.496392545875787910e-39
3.889999999999999014e-02 1.495456199561394246e-39
3.891999999999999627e-02 1.494515510803361405e-39
3.893999999999999545e-02 1.493570486183012942e-39
3.895999999999999464e-02 1.492621132309686847e-39
3.897999999999999382e-02 1.491667455820668339e-39
3.899999999999999301e-02 1.490709463381107644e-39
3.901999999999999219e-02 1.489747161683950826e-39
3.903999999999999138e-02 1.488780557449855941e-39
3.905999999999999056e-02 1.487809657427128104e-39
3.907999999999999668e-02 1.486834468391637929e-39
3.909999999999999587e-02 1.485854997146747463e-39
3.911999999999999506e-02 1.484871250523230252e-39
3.913999999999999424e-02 1.483883235379202826e-39
3.915999999999999343e-02 1.482890958600040846e-39
3.917999999999999261e-02 1.481894427098306678e-39
3.919999999999999180e-02 1.480893647813669781e-39
3.921999999999999098e-02 1.479888627712832969e-39
3.923999999999999017e-02 1.478879373789452808e-39
3.925999999999999629e-02 1.477865893064062939e-39
3.927999999999999547e-02 1.476848192583994473e-39
3.929999999999999466e-02 1.475826279423303227e-39
3.931999999999999384e-02 1.474800160682685884e-39
3.933999999999999303e-02 1.473769843489407880e-39
3.935999999999999222e-02 1.472735334997218251e-39
3.937999999999999140e-02 1.471696642386275574e-39
3.939999999999999059e-02 1.470653772863069333e-39
3.941999999999999671e-02 1.469606733660339986e-39
3.943999999999999589e-02 1.468555532036998540e-39
3.945999999999999508e-02 1.467500175278047921e-39
3.947999999999999426e-02 1.466440670694507934e-39
3.949999999999999345e-02 1.465377025623328313e-39
3.951999999999999263e-02 1.464309247427314658e-39
3.953999999999999182e-02 1.463237343495045073e-39
3.955999999999999100e-02 1.462161321240792683e-39
3.957999999999999019e-02 1.461081188104444061e-39
3.959999999999999631e-02 1.459996951551414894e-39
3.961999999999999550e-02 1.458908619072579834e-39
3.963999999999999468e-02 1.457816198184180488e-39
3.965999999999999387e-02 1.456719696427751036e-39
3.967999999999999305e-02 1.455619121370033234e-39
3.969999999999999224e-02 1.454514480602897948e-39
3.971999999999999142e-02 1.453405781743263427e-39
3.973999999999999061e-02 1.452293032433011938e-39
3.975999999999998979e-02 1.451176240338911467e-39
3.977999999999999592e-02 1.450055413152528114e-39
3.979999999999999510e-02 1.448930558590148930e-39
3.981999999999999429e-02 1.447801684392699865e-39
3.983999999999999347e-02 1.446668798325658328e-39
3.985999999999999266e-02 1.445531908178975859e-39
3.987999999999999184e-02 1.444391021766993467e-39
3.989999999999999103e-02 1.443246146928357613e-39
3.991999999999999021e-02 1.442097291525940932e-39
3.993999999999999634e-02 1.440944463446754138e-39
3.995999999999999552e-02 1.439787670601867721e-39
3.997999999999999471e-02 1.438626920926324998e-39
3.999999999999999389e-02 1.437462222379057774e-39
4.001999999999999308e-02 1.436293582942807709e-39
4.003999999999999226e-02 1.435121010624038395e-39
4.005999999999999145e-02 1.433944513452851825e-39
4.007999999999999063e-02 1.432764099482904224e-39
4.009999999999998982e-02 1.431579776791324477e-39
4.011999999999999594e-02 1.430391553478626855e-39
4.013999999999999513e-02 1.429199437668626677e-39
4.015999999999999431e-02 1.428003437508357110e-39
4.017999999999999350e-02 1.426803561167982873e-39
4.019999999999999268e-02 1.425599816840717854e-39
4.021999999999999187e-02 1.424392212742737674e-39
4.023999999999999105e-02 1.423180757113095343e-39
4.025999999999999024e-02 1.421965458213635945e-39
4.027999999999999636e-02 1.420746324328910176e-39
4.029999999999999555e-02 1.419523363766094898e-39
4.031999999999999473e-02 1.418296584854896243e-39
4.033999999999999392e-02 1.417065995947473585e-39
4.035999999999999310e-02 1.415831605418351454e-39
4.037999999999999229e-02 1.414593421664331119e-39
4.039999999999999147e-02 1.413351453104405918e-39
4.041999999999999066e-02 1.412105708179676595e-39
4.043999999999998984e-02 1.410856195353261250e-39
4.045999999999999597e-02 1.409602923110215403e-39
4.047999999999999515e-02 1.408345899957437055e-39
4.049999999999999434e-02 1.407085134423585604e-39
4.051999999999999352e-02 1.405820635058996697e-39
4.053999999999999271e-02 1.404552410435589729e-39
4.055999999999999189e-02 1.403280469146785299e-39
4.057999999999999108e-02 1.402004819807417284e-39
4.059999999999999026e-02 1.400725471053644255e-39
4.061999999999999639e-02 1.399442431542865137e-39
4.063999999999999557e-02 1.398155709953627858e-39
4.065999999999999476e-02 1.396865314985544191e-39
4.067999999999999394e-02 1.395571255359206232e-39
4.069999999999999313e-02 1.394273539816090966e-39
4.071999999999999231e-02 1.392972177118477886e-39
4.073999999999999150e-02 1.391667176049361388e-39
4.075999999999999068e-02 1.390358545412359749e-39
4.077999999999998987e-02 1.389046294031629965e-39
4.079999999999999599e-02 1.387730430751777706e-39
4.081999999999999518e-02 1.386410964437771834e-39
4.083999999999999436e-02 1.385087903974854678e-39
4.085999999999999355e-02 1.383761258268452966e-39
4.087999999999999273e-02 1.382431036244092018e-39
4.089999999999999192e-02 1.381097246847304385e-39
4.091999999999999110e-02 1.379759899043543889e-39
4.093999999999999029e-02 1.378419001818096217e-39
4.095999999999999641e-02 1.377074564175986755e-39
4.097999999999999560e-02 1.375726595141901633e-39
4.099999999999999478e-02 1.374375103760087230e-39
4.101999999999999397e-02 1.373020099094270737e-39
4.103999999999999315e-02 1.371661590227564716e-39
4.105999999999999234e-02 1.370299586262381948e-39
4.107999999999999152e-02 1.368934096320346040e-39
4.109999999999999071e-02 1.367565129542201207e-39
4.111999999999998989e-02 1.366192695087722550e-39
4.113999999999999602e-02 1.364816802135628621e-39
4.115999999999999520e-02 1.363437459883492675e-39
4.117999999999999439e-02 1.362054677547653111e-39
4.119999999999999357e-02 1.360668464363120650e-39
4.121999999999999276e-02 1.359278829583493833e-39
4.123999999999999194e-02 1.357885782480866032e-39
4.125999999999999113e-02 1.356489332345739486e-39
4.127999999999999031e-02 1.355089488486930350e-39
4.129999999999999644e-02 1.353686260231484523e-39
4.131999999999999562e-02 1.352279656924587273e-39
4.133999999999999481e-02 1.350869687929470247e-39
4.135999999999999399e-02 1.349456362627325017e-39
4.137999999999999318e-02 1.348039690417211068e-39
4.139999999999999236e-02 1.346619680715968525e-39
4.141999999999999155e-02 1.345196342958126798e-39
4.143999999999999073e-02 1.343769686595811268e-39
4.145999999999998992e-02 1.342339721098663029e-39
4.147999999999999604e-02 1.340906455953737418e-39
4.149999999999999523e-02 1.339469900665424734e-39
4.151999999999999441e-02 1.338030064755352518e-39
4.153999999999999360e-02 1.336586957762296812e-39
4.155999999999999278e-02 1.335140589242095699e-39
4.157999999999999197e-02 1.333690968767558762e-39
4.159999999999999115e-02 1.332238105928369206e-39
4.161999999999999034e-02 1.330782010331007348e-39
4.163999999999999646e-02 1.329322691598648008e-39
4.165999999999999565e-02 1.327860159371076984e-39
4.167999999999999483e-02 1.326394423304600023e-39
4.169999999999999402e-02 1.324925493071952286e-39
4.171999999999999320e-02 1.323453378362206826e-39
4.173999999999999239e-02 1.321978088880686662e-39
4.175999999999999157e-02 1.320499634348871468e-39
4.177999999999999076e-02 1.319018024504310459e-39
4.179999999999998994e-02 1.317533269100532992e-39
4.181999999999999607e-02 1.316045377906952976e-39
4.183999999999999525e-02 1.314554360708784200e-39
4.185999999999999444e-02 1.313060227306947842e-39
4.187999999999999362e-02 1.311562987517982090e-39
4.189999999999999281e-02 1.310062651173953561e-39
4.191999999999999199e-02 1.308559228122361872e-39
4.193999999999999118e-02 1.307052728226056766e-39
4.195999999999999036e-02 1.305543161363143492e-39
4.197999999999999649e-02 1.304030537426893253e-39
4.199999999999999567e-02 1.302514866325654292e-39
4.201999999999999486e-02 1.300996157982759233e-39
4.203999999999999404e-02 1.299474422336437159e-39
4.205999999999999323e-02 1.297949669339723065e-39
4.207999999999999241e-02 1.296421908960364716e-39
4.209999999999999160e-02 1.294891151180737159e-39
4.211999999999999078e-02 1.293357405997750559e-39
4.213999999999998997e-02 1.291820683422758681e-39
4.215999999999999609e-02 1.290280993481470793e-39
4.217999999999999527e-02 1.288738346213861134e-39
4.219999999999999446e-02 1.287192751674078535e-39
4.221999999999999365e-02 1.285644219930357347e-39
4.223999999999999283e-02 1.284092761064922013e-39
4.225999999999999202e-02 1.282538385173906478e-39
4.227999999999999120e-02 1.280981102367258104e-39
4.229999999999999039e-02 1.279420922768648271e-39
4.231999999999999651e-02 1.277857856515382824e-39
4.233999999999999569e-02 1.276291913758314136e-39
4.235999999999999488e-02 1.274723104661749271e-39
4.237999999999999406e-02 1.273151439403361235e-39
4.239999999999999325e-02 1.271576928174094200e-39
4.241999999999999243e-02 1.269999581178085035e-39
4.243999999999999162e-02 1.268419408632562980e-39
4.245999999999999081e-02 1.266836420767763186e-39
4.247999999999998999e-02 1.265250627826840415e-39
4.249999999999999611e-02 1.263662040065773776e-39
4.251999999999999530e-02 1.262070667753284339e-39
4.253999999999999448e-02 1.260476521170740519e-39
4.255999999999999367e-02 1.258879610612065090e-39
4.257999999999999285e-02 1.257279946383656720e-39
4.259999999999999204e-02 1.255677538804291437e-39
4.261999999999999122e-02 1.254072398205036984e-39
4.263999999999999041e-02 1.252464534929163751e-39
4.265999999999998959e-02 1.250853959332053582e-39
4.267999999999999572e-02 1.249240681781113152e-39
4.269999999999999490e-02 1.247624712655686529e-39
4.271999999999999409e-02 1.246006062346956803e-39
4.273999999999999327e-02 1.244384741257869088e-39
4.275999999999999246e-02 1.242760759803036559e-39
4.277999999999999164e-02 1.241134128408649748e-39
4.279999999999999083e-02 1.239504857512390414e-39
4.281999999999999001e-02 1.237872957563342304e-39
4.283999999999999614e-02 1.236238439021903554e-39
4.285999999999999532e-02 1.234601312359696152e-39
4.287999999999999451e-02 1.232961588059476374e-39
4.289999999999999369e-02 1.231319276615052242e-39
4.291999999999999288e-02 1.229674388531190699e-39
4.293999999999999206e-02 1.228026934323529685e-39
4.295999999999999125e-02 1.226376924518490204e-39
4.297999999999999043e-02 1.224724369653190027e-39
4.299999999999998962e-02 1.223069280275351690e-39
4.301999999999999574e-02 1.221411666943222553e-39
4.303999999999999493e-02 1.219751540225475293e-39
4.305999999999999411e-02 1.218088910701131231e-39
4.307999999999999330e-02 1.216423788959466364e-39
4.309999999999999248e-02 1.214756185599926055e-39
4.311999999999999167e-02 1.213086111232037584e-39
4.313999999999999085e-02 1.211413576475322226e-39
4.315999999999999004e-02 1.209738591959206832e-39
4.317999999999999616e-02 1.208061168322939814e-39
4.319999999999999535e-02 1.206381316215500118e-39
4.321999999999999453e-02 1.204699046295514190e-39
4.323999999999999372e-02 1.203014369231166905e-39
4.325999999999999290e-02 1.201327295700114455e-39
4.327999999999999209e-02 1.199637836389398865e-39
4.329999999999999127e-02 1.197946001995359904e-39
4.331999999999999046e-02 1.196251803223550583e-39
4.333999999999998964e-02 1.194555250788651181e-39
4.335999999999999577e-02 1.192856355414376424e-39
4.337999999999999495e-02 1.191155127833400935e-39
4.339999999999999414e-02 1.189451578787262331e-39
4.341999999999999332e-02 1.187745719026281777e-39
4.343999999999999251e-02 1.186037559309475244e-39
4.345999999999999169e-02 1.184327110404469171e-39
4.347999999999999088e-02 1.182614383087412856e-39
4.349999999999999006e-02 1.180899388142897712e-39
4.351999999999999619e-02 1.179182136363863954e-39
4.353999999999999537e-02 1.177462638551523759e-39
4.355999999999999456e-02 1.175740905515271875e-39
4.357999999999999374e-02 1.174016948072600299e-39
4.359999999999999293e-02 1.172290777049014921e-39
4.361999999999999211e-02 1.170562403277948729e-39
4.363999999999999130e-02 1.168831837600681555e-39
4.365999999999999048e-02 1.167099090866250352e-39
4.367999999999998967e-02 1.165364173931366479e-39
4.369999999999999579e-02 1.163627097660332187e-39
4.371999999999999498e-02 1.161887872924960184e-39
4.373999999999999416e-02 1.160146510604481800e-39
4.375999999999999335e-02 1.158403021585467701e-39
4.377999999999999253e-02 1.156657416761746647e-39
4.379999999999999172e-02 1.154909707034314633e-39
4.381999999999999090e-02 1.153159903311260656e-39
4.383999999999999009e-02 1.151408016507673084e-39
4.385999999999999621e-02 1.149654057545565588e-39
4.387999999999999540e-02 1.147898037353791176e-39
4.389999999999999458e-02 1.146139966867957849e-39
4.391999999999999377e-02 1.144379857030344755e-39
4.393999999999999295e-02 1.142617718789824372e-39
4.395999999999999214e-02 1.140853563101775886e-39
4.397999999999999132e-02 1.139087400928007210e-39
4.399999999999999051e-02 1.137319243236663474e-39
4.401999999999998969e-02 1.135549101002156708e-39
4.403999999999999582e-02 1.133776985205079710e-39
4.405999999999999500e-02 1.132002906832121218e-39
4.407999999999999419e-02 1.130226876875986628e-39
4.409999999999999337e-02 1.128448906335318545e-39
4.411999999999999256e-02 1.126669006214613427e-39
4.413999999999999174e-02 1.124887187524140832e-39
4.415999999999999093e-02 1.123103461279860381e-39
4.417999999999999011e-02 1.121317838503346722e-39
4.419999999999999624e-02 1.119530330221704045e-39
4.421999999999999542e-02 1.117740947467487616e-39
4.423999999999999461e-02 1.115949701278623843e-39
4.425999999999999379e-02 1.114156602698329524e-39
4.427999999999999298e-02 1.112361662775030608e-39
4.429999999999999216e-02 1.110564892562286337e-39
4.431999999999999135e-02 1.108766303118704581e-39
4.433999999999999053e-02 1.106965905507868105e-39
4.435999999999998972e-02 1.105163710798250712e-39
4.437999999999999584e-02 1.103359730063139762e-39
4.439999999999999503e-02 1.101553974380560472e-39
4.441999999999999421e-02 1.099746454833191422e-39
4.443999999999999340e-02 1.097937182508290645e-39
4.445999999999999258e-02 1.096126168497617333e-39
4.447999999999999177e-02 1.094313423897345860e-39
4.449999999999999095e-02 1.092498959808001185e-39
4.451999999999999014e-02 1.090682787334372064e-39
4.453999999999999626e-02 1.088864917585432255e-39
4.455999999999999545e-02 1.087045361674272496e-39
4.457999999999999463e-02 1.085224130718012247e-39
4.459999999999999382e-02 1.083401235837730360e-39
4.461999999999999300e-02 1.081576688158384491e-39
4.463999999999999219e-02 1.079750498808734917e-39
4.465999999999999137e-02 1.077922678921269658e-39
4.467999999999999056e-02 1.076093239632127806e-39
4.469999999999998974e-02 1.074262192081023829e-39
4.471999999999999587e-02 1.072429547411168455e-39
4.473999999999999505e-02 1.070595316769199011e-39
4.475999999999999424e-02 1.068759511305097695e-39
4.477999999999999342e-02 1.066922142172122572e-39
4.479999999999999261e-02 1.065083220526723070e-39
4.481999999999999179e-02 1.063242757528477174e-39
4.483999999999999098e-02 1.061400764340010349e-39
4.485999999999999016e-02 1.059557252126918869e-39
4.487999999999998935e-02 1.057712232057700972e-39
4.489999999999999547e-02 1.055865715303677257e-39
4.491999999999999466e-02 1.054017713038925912e-39
4.493999999999999384e-02 1.052168236440198056e-39
4.495999999999999303e-02 1.050317296686849382e-39
4.497999999999999221e-02 1.048464904960768545e-39
4.499999999999999140e-02 1.046611072446304237e-39
4.501999999999999058e-02 1.044755810330189662e-39
4.503999999999998977e-02 1.042899129801470915e-39
4.505999999999999589e-02 1.041041042051434884e-39
4.507999999999999508e-02 1.039181558273540403e-39
4.509999999999999426e-02 1.037320689663340927e-39
4.511999999999999345e-02 1.035458447418413412e-39
4.513999999999999263e-02 1.033594842738292890e-39
4.515999999999999182e-02 1.031729886824395480e-39
4.517999999999999100e-02 1.029863590879949211e-39
4.519999999999999019e-02 1.027995966109924207e-39
4.521999999999998937e-02 1.026127023720959438e-39
4.523999999999999549e-02 1.024256774921297468e-39
4.525999999999999468e-02 1.022385230920704683e-39
4.527999999999999386e-02 1.020512402930416476e-39
4.529999999999999305e-02 1.018638302163053730e-39
4.531999999999999224e-02 1.016762939832560001e-39
4.533999999999999142e-02 1.014886327154132035e-39
4.535999999999999061e-02 1.013008475344148145e-39
4.537999999999998979e-02 1.011129395620104103e-39
4.539999999999999591e-02 1.009249099200540381e-39
4.541999999999999510e-02 1.007367597304977717e-39
4.543999999999999428e-02 1.005484901153842234e-39
4.545999999999999347e-02 1.003601021968408343e-39
4.547999999999999265e-02 1.001715970970722239e-39
4.549999999999999184e-02 9.998297593835392507e-40
4.551999999999999102e-02 9.979423984302554942e-40
4.553999999999999021e-02 9.960538993348408219e-40
4.555999999999998940e-02 9.941642733217750391e-40
4.557999999999999552e-02 9.922735316159730256e-40
4.559999999999999470e-02 9.903816854427335123e-40
4.561999999999999389e-02 9.884887460276588199e-40
4.563999999999999307e-02 9.865947245965990676e-40
4.565999999999999226e-02 9.846996323755803945e-40
4.567999999999999144e-02 9.828034805907449272e-40
4.569999999999999063e-02 9.809062804682835688e-40
4.571999999999998981e-02 9.790080432343718880e-40
4.573999999999999594e-02 9.771087801151042135e-40
4.575999999999999512e-02 9.752085023364345799e-40
4.577999999999999431e-02 9.733072211241080489e-40
4.579999999999999349e-02 9.714049477035985559e-40
4.581999999999999268e-02 9.695016933000475718e-40
4.583999999999999186e-02 9.675974691381973824e-40
4.585999999999999105e-02 9.656922864423335017e-40
4.587999999999999023e-02 9.637861564362195829e-40
4.589999999999998942e-02 9.618790903430303703e-40
4.591999999999999554e-02 9.599710993852996601e-40
4.593999999999999473e-02 9.580621947848524374e-40
4.595999999999999391e-02 9.561523877627448433e-40
4.597999999999999310e-02 9.542416895392021845e-40
4.599999999999999228e-02 9.523301113335577584e-40
4.601999999999999147e-02 9.504176643641960835e-40
4.603999999999999065e-02 9.485043598484892770e-40
4.605999999999998984e-02 9.465902090027350648e-40
4.607999999999999596e-02 9.446752230421009901e-40
4.609999999999999515e-02 9.427594131805663382e-40
4.611999999999999433e-02 9.408427906308567202e-40
4.613999999999999352e-02 9.389253666043908919e-40
4.615999999999999270e-02 9.370071523112172950e-40
4.617999999999999189e-02 9.350881589599600607e-40
4.619999999999999107e-02 9.331683977577610969e-40
4.621999999999999026e-02 9.312478799102141833e-40
4.623999999999998944e-02 9.293266166213188046e-40
4.625999999999999557e-02 9.274046190934142445e-40
4.627999999999999475e-02 9.254818985271306470e-40
4.629999999999999394e-02 9.235584661213227832e-40
4.631999999999999312e-02 9.216343330730201339e-40
4.633999999999999231e-02 9.197095105773689768e-40
4.635999999999999149e-02 9.177840098275785530e-40
4.637999999999999068e-02 9.158578420148595661e-40
4.639999999999998986e-02 9.139310183283757315e-40
4.641999999999999599e-02 9.120035499551857014e-40
4.643999999999999517e-02 9.100754480801884156e-40
4.645999999999999436e-02 9.081467238860704091e-40
4.647999999999999354e-02 9.062173885532467586e-40
4.649999999999999273e-02 9.042874532598137737e-40
4.651999999999999191e-02 9.023569291814933691e-40
4.653999999999999110e-02 9.004258274915727051e-40
4.655999999999999028e-02 8.984941593608645465e-40
4.657999999999998947e-02 8.965619359576433148e-40
4.659999999999999559e-02 8.946291684475992476e-40
4.661999999999999478e-02 8.926958679937816289e-40
4.663999999999999396e-02 8.907620457565518064e-40
4.665999999999999315e-02 8.888277128935265850e-40
4.667999999999999233e-02 8.868928805595336911e-40
4.669999999999999152e-02 8.849575599065514140e-40
4.671999999999999070e-02 8.830217620836674960e-40
4.673999999999998989e-02 8.810854982370244835e-40
4.675999999999999601e-02 8.791487795097683397e-40
4.677999999999999520e-02 8.772116170420042360e-40
4.679999999999999438e-02 8.752740219707401082e-40
4.681999999999999357e-02 8.733360054298427735e-40
4.683999999999999275e-02 8.713975785499875227e-40
4.685999999999999194e-02 8.694587524586070596e-40
4.687999999999999112e-02 8.675195382798492499e-40
4.689999999999999031e-02 8.655799471345245923e-40
4.691999999999998949e-02 8.636399901400602151e-40
4.693999999999999562e-02 8.616996784104510994e-40
4.695999999999999480e-02 8.597590230562184808e-40
4.697999999999999399e-02 8.578180351843543837e-40
4.699999999999999317e-02 8.558767258982849170e-40
4.701999999999999236e-02 8.539351062978143191e-40
4.703999999999999154e-02 8.519931874790882534e-40
4.705999999999999073e-02 8.500509805345451948e-40
4.707999999999998991e-02 8.481084965528686316e-40
4.709999999999999604e-02 8.461657466189454670e-40
4.711999999999999522e-02 8.442227418138232780e-40
4.713999999999999441e-02 8.422794932146607234e-40
4.715999999999999359e-02 8.403360118946890443e-40
4.717999999999999278e-02 8.383923089231626350e-40
4.719999999999999196e-02 8.364483953653228275e-40
4.721999999999999115e-02 8.345042822823522147e-40
4.723999999999999033e-02 8.325599807313299514e-40
4.725999999999998952e-02 8.306155017651922768e-40
4.727999999999999564e-02 8.286708564326892842e-40
4.729999999999999483e-02 8.267260557783451163e-40
4.731999999999999401e-02 8.247811108424155515e-40
4.733999999999999320e-02 8.228360326608423259e-40
4.735999999999999238e-02 8.208908322652239330e-40
4.737999999999999157e-02 8.189455206827644001e-40
4.739999999999999075e-02 8.170001089362395198e-40
4.741999999999998994e-02 8.150546080439537827e-40
4.743999999999999606e-02 8.131090290197026943e-40
4.745999999999999525e-02 8.111633828727370485e-40
4.747999999999999443e-02 8.092176806077185558e-40
4.749999999999999362e-02 8.072719332246815070e-40
4.751999999999999280e-02 8.053261517190003097e-40
4.753999999999999199e-02 8.033803470813488687e-40
4.755999999999999117e-02 8.014345302976625756e-40
4.757999999999999036e-02 7.994887123491012780e-40
4.759999999999998954e-02 7.975429042120145323e-40
4.761999999999999567e-02 7.955971168579017990e-40
4.763999999999999485e-02 7.936513612533834055e-40
4.765999999999999404e-02 7.917056483601532374e-40
4.767999999999999322e-02 7.897599891349558999e-40
4.769999999999999241e-02 7.878143945295438141e-40
4.771999999999999159e-02 7.858688754906445904e-40
4.773999999999999078e-02 7.839234429599280758e-40
4.775999999999998996e-02 7.819781078739706276e-40
4.777999999999998915e-02 7.800328811642216714e-40
4.779999999999999527e-02 7.780877737569720535e-40
4.781999999999999446e-02 7.761427965733170094e-40
4.783999999999999364e-02 7.741979605291281055e-40
4.785999999999999283e-02 7.722532765350193071e-40
4.787999999999999201e-02 7.703087554963133734e-40
4.789999999999999120e-02 7.683644083130133088e-40
4.791999999999999038e-02 7.664202458797674532e-40
4.793999999999998957e-02 7.644762790858417490e-40
4.795999999999999569e-02 7.625325188150866252e-40
4.797999999999999488e-02 7.605889759459069812e-40
4.799999999999999406e-02 7.586456613512351066e-40
4.801999999999999325e-02 7.567025858984975655e-40
4.803999999999999243e-02 7.547597604495886055e-40
4.805999999999999162e-02 7.528171958608375315e-40
4.807999999999999080e-02 7.508749029829840728e-40
4.809999999999998999e-02 7.489328926611498345e-40
4.811999999999998917e-02 7.469911757348076286e-40
4.813999999999999529e-02 7.450497630377530895e-40
4.815999999999999448e-02 7.431086653980842816e-40
4.817999999999999367e-02 7.411678936381679315e-40
4.819999999999999285e-02 7.392274585746152839e-40
4.821999999999999204e-02 7.372873710182555115e-40
4.823999999999999122e-02 7.353476417741127129e-40
4.825999999999999041e-02 7.334082816413743464e-40
4.827999999999998959e-02 7.314693014133736120e-40
4.829999999999999571e-02 7.295307118775546223e-40
4.831999999999999490e-02 7.275925238154621254e-40
4.833999999999999408e-02 7.256547480027031685e-40
4.835999999999999327e-02 7.237173952089322530e-40
4.837999999999999245e-02 7.217804761978241728e-40
4.839999999999999164e-02 7.198440017270515836e-40
4.841999999999999083e-02 7.179079825482642035e-40
4.843999999999999001e-02 7.159724294070638538e-40
4.845999999999998920e-02 7.140373530429818651e-40
4.847999999999999532e-02 7.121027641894599090e-40
4.849999999999999450e-02 7.101686735738305039e-40
4.851999999999999369e-02 7.082350919172895275e-40
4.853999999999999287e-02 7.063020299348807186e-40
4.855999999999999206e-02 7.043694983354747148e-40
4.857999999999999124e-02 7.024375078217465405e-40
4.859999999999999043e-02 7.005060690901604350e-40
4.861999999999998961e-02 6.985751928309439150e-40
4.863999999999999574e-02 6.966448897280766812e-40
4.865999999999999492e-02 6.947151704592682692e-40
4.867999999999999411e-02 6.927860456959386367e-40
4.869999999999999329e-02 6.908575261032020951e-40
4.871999999999999248e-02 6.889296223398492832e-40
4.873999999999999166e-02 6.870023450583312619e-40
4.875999999999999085e-02 6.850757049047424667e-40
4.877999999999999003e-02 6.831497125187989293e-40
4.879999999999998922e-02 6.812243785338321608e-40
4.881999999999999534e-02 6.792997135767651706e-40
4.883999999999999453e-02 6.773757282681021075e-40
4.885999999999999371e-02 6.754524332219099892e-40
4.887999999999999290e-02 6.735298390458046727e-40
4.889999999999999208e-02 6.716079563409387824e-40
4.891999999999999127e-02 6.696867957019860495e-40
4.893999999999999045e-02 6.677663677171246725e-40
4.895999999999998964e-02 6.658466829680316889e-40
4.897999999999999576e-02 6.639277520298629102e-40
4.899999999999999495e-02 6.620095854712440310e-40
4.901999999999999413e-02 6.600921938542577415e-40
4.903999999999999332e-02 6.581755877344316557e-40
4.905999999999999250e-02 6.562597776607260765e-40
4.907999999999999169e-02 6.543447741755262469e-40
4.909999999999999087e-02 6.524305878146254658e-40
4.911999999999999006e-02 6.505172291072204387e-40
4.913999999999998924e-02 6.486047085759001846e-40
4.915999999999999537e-02 6.466930367366320882e-40
4.917999999999999455e-02 6.447822240987599423e-40
4.919999999999999374e-02 6.428722811649877979e-40
4.921999999999999292e-02 6.409632184313760486e-40
4.923999999999999211e-02 6.390550463873304195e-40
4.925999999999999129e-02 6.371477755155942999e-40
4.927999999999999048e-02 6.352414162922443384e-40
4.929999999999998966e-02 6.333359791866799214e-40
4.931999999999999579e-02 6.314314746616161580e-40
4.933999999999999497e-02 6.295279131730811882e-40
4.935999999999999416e-02 6.276253051704061508e-40
4.937999999999999334e-02 6.257236610962189837e-40
4.939999999999999253e-02 6.238229913864450771e-40
4.941999999999999171e-02 6.219233064702922647e-40
4.943999999999999090e-02 6.200246167702558811e-40
4.945999999999999008e-02 6.181269327021097079e-40
4.947999999999998927e-02 6.162302646749012429e-40
4.949999999999999539e-02 6.143346230909498239e-40
4.951999999999999458e-02 6.124400183458447531e-40
4.953999999999999376e-02 6.105464608284383634e-40
4.955999999999999295e-02 6.086539609208466712e-40
4.957999999999999213e-02 6.067625289984442379e-40
4.959999999999999132e-02 6.048721754298667796e-40
4.961999999999999050e-02 6.029829105770056211e-40
4.963999999999998969e-02 6.010947447950093269e-40
4.965999999999999581e-02 5.992076884322783992e-40
4.967999999999999500e-02 5.973217518304733534e-40
4.969999999999999418e-02 5.954369453245044408e-40
4.971999999999999337e-02 5.935532792425403755e-40
4.973999999999999255e-02 5.916707639060014019e-40
4.975999999999999174e-02 5.897894096295672067e-40
4.977999999999999092e-02 5.879092267211754501e-40
4.979999999999999011e-02 5.860302254820223373e-40
4.981999999999998929e-02 5.841524162065656362e-40
4.983999999999999542e-02 5.822758091825272061e-40
4.985999999999999460e-02 5.804004146908969944e-40
4.987999999999999379e-02 5.785262430059339337e-40
4.989999999999999297e-02 5.766533043951683889e-40
4.991999999999999216e-02 5.747816091194108034e-40
4.993999999999999134e-02 5.729111674327517803e-40
4.995999999999999053e-02 5.710419895825680371e-40
4.997999999999998971e-02 5.691740858095262389e-40
4.999999999999998890e-02 5.673074663475900952e-40
5.001999999999999502e-02 5.654421414240239483e-40
5.003999999999999421e-02 5.635781212594028065e-40
5.005999999999999339e-02 5.617154160676094885e-40
5.007999999999999258e-02 5.598540360558523243e-40
5.009999999999999176e-02 5.579939914246656436e-40
5.011999999999999095e-02 5.561352923679181778e-40
5.013999999999999013e-02 5.542779490728217874e-40
5.015999999999998932e-02 5.524219717199382320e-40
5.017999999999999544e-02 5.505673704831895290e-40
5.019999999999999463e-02 5.487141555298643161e-40
5.021999999999999381e-02 5.468623370206275578e-40
5.023999999999999300e-02 5.450119251095317193e-40
5.025999999999999218e-02 5.431629299440246793e-40
5.027999999999999137e-02 5.413153616649621274e-40
5.029999999999999055e-02 5.394692304066140897e-40
5.031999999999998974e-02 5.376245462966801002e-40
5.033999999999998892e-02 5.357813194562979283e-40
5.035999999999999505e-02 5.339395600000557319e-40
5.037999999999999423e-02 5.320992780360033959e-40
5.039999999999999342e-02 5.302604836656668052e-40
5.041999999999999260e-02 5.284231869840577969e-40
5.043999999999999179e-02 5.265873980796882704e-40
5.045999999999999097e-02 5.247531270345848699e-40
5.047999999999999016e-02 5.229203839242995061e-40
5.049999999999998934e-02 5.210891788179264038e-40
5.051999999999999547e-02 5.192595217781144998e-40
5.053999999999999465e-02 5.174314228610833484e-40
5.055999999999999384e-02 5.156048921166366615e-40
5.057999999999999302e-02 5.137799395881796006e-40
5.059999999999999221e-02 5.119565753127325613e-40
5.061999999999999139e-02 5.101348093209488736e-40
5.063999999999999058e-02 5.083146516371305437e-40
5.065999999999998976e-02 5.064961122792440783e-40
5.067999999999998895e-02 5.046792012589402235e-40
5.069999999999999507e-02 5.028639285815654654e-40
5.071999999999999426e-02 5.010503042461896001e-40
5.073999999999999344e-02 4.992383382456140527e-40
5.075999999999999263e-02 4.974280405663962662e-40
5.077999999999999181e-02 4.956194211888667488e-40
5.079999999999999100e-02 4.938124900871463657e-40
5.081999999999999018e-02 4.920072572291703196e-40
5.083999999999998937e-02 4.902037325767042197e-40
5.085999999999999549e-02 4.884019260853623521e-40
5.087999999999999468e-02 4.866018477046360648e-40
5.089999999999999386e-02 4.848035073779069820e-40
5.091999999999999305e-02 4.830069150424708210e-40
5.093999999999999223e-02 4.812120806295591704e-40
5.095999999999999142e-02 4.794190140643618397e-40
5.097999999999999060e-02 4.776277252660467607e-40
5.099999999999998979e-02 4.758382241477868238e-40
5.101999999999998897e-02 4.740505206167752931e-40
5.103999999999999510e-02 4.722646245742571286e-40
5.105999999999999428e-02 4.704805459155496219e-40
5.107999999999999347e-02 4.686982945300631960e-40
5.109999999999999265e-02 4.669178803013298718e-40
5.111999999999999184e-02 4.651393131070244754e-40
5.113999999999999102e-02 4.633626028189924519e-40
5.115999999999999021e-02 4.615877593032728676e-40
5.117999999999998939e-02 4.598147924201236138e-40
5.119999999999999551e-02 4.580437120240486495e-40
5.121999999999999470e-02 4.562745279638267136e-40
5.123999999999999388e-02 4.545072500825309815e-40
5.125999999999999307e-02 4.527418882175618555e-40
5.127999999999999226e-02 4.509784522006714342e-40
5.129999999999999144e-02 4.492169518579921423e-40
5.131999999999999063e-02 4.474573970100641372e-40
5.133999999999998981e-02 4.456997974718616546e-40
5.135999999999998900e-02 4.439441630528249828e-40
5.137999999999999512e-02 4.421905035568871344e-40
5.139999999999999430e-02 4.404388287825029660e-40
5.141999999999999349e-02 4.386891485226789495e-40
5.143999999999999267e-02 4.369414725650030258e-40
5.145999999999999186e-02 4.351958106916742128e-40
5.147999999999999104e-02 4.334521726795348246e-40
5.149999999999999023e-02 4.317105683000966540e-40
5.151999999999998942e-02 4.299710073195775959e-40
5.153999999999999554e-02 4.282334994989289718e-40
5.155999999999999472e-02 4.264980545938715009e-40
5.157999999999999391e-02 4.247646823549214010e-40
5.159999999999999309e-02 4.230333925274270937e-40
5.161999999999999228e-02 4.213041948516004436e-40
5.163999999999999146e-02 4.195770990625510171e-40
5.165999999999999065e-02 4.178521148903148744e-40
5.167999999999998983e-02 4.161292520598946193e-40
5.169999999999998902e-02 4.144085202912891704e-40
5.171999999999999514e-02 4.126899292995279375e-40
5.173999999999999433e-02 4.109734887947082606e-40
5.175999999999999351e-02 4.092592084820270578e-40
5.177999999999999270e-02 4.075470980618165509e-40
5.179999999999999188e-02 4.058371672295826020e-40
5.181999999999999107e-02 4.041294256760345665e-40
5.183999999999999025e-02 4.024238830871280339e-40
5.185999999999998944e-02 4.007205491440974544e-40
5.187999999999999556e-02 3.990194335234921096e-40
5.189999999999999475e-02 3.973205458972177114e-40
5.191999999999999393e-02 3.956238959325675600e-40
5.193999999999999312e-02 3.939294932922638984e-40
5.195999999999999230e-02 3.922373476344963300e-40
5.197999999999999149e-02 3.905474686129557501e-40
5.199999999999999067e-02 3.888598658768781472e-40
5.201999999999998986e-02 3.871745490710803287e-40
5.203999999999998904e-02 3.854915278360004598e-40
5.205999999999999517e-02 3.838108118077346864e-40
5.207999999999999435e-02 3.821324106180823229e-40
5.209999999999999354e-02 3.804563338945790501e-40
5.211999999999999272e-02 3.787825912605432441e-40
5.213999999999999191e-02 3.771111923351111320e-40
5.215999999999999109e-02 3.754421467332822242e-40
5.217999999999999028e-02 3.737754640659589555e-40
5.219999999999998946e-02 3.721111539399868157e-40
5.221999999999999559e-02 3.704492259581977430e-40
5.223999999999999477e-02 3.687896897194524570e-40
5.225999999999999396e-02 3.671325548186813638e-40
5.227999999999999314e-02 3.654778308469277867e-40
5.229999999999999233e-02 3.638255273913896052e-40
5.231999999999999151e-02 3.621756540354662787e-40
5.233999999999999070e-02 3.605282203587982014e-40
5.235999999999998988e-02 3.588832359373130734e-40
5.237999999999998907e-02 3.572407103432679887e-40
5.239999999999999519e-02 3.556006531452958871e-40
5.241999999999999438e-02 3.539630739084492331e-40
5.243999999999999356e-02 3.523279821942449997e-40
5.245999999999999275e-02 3.506953875607075315e-40
5.247999999999999193e-02 3.490652995624187078e-40
5.249999999999999112e-02 3.474377277505604797e-40
5.251999999999999030e-02 3.458126816729609956e-40
5.253999999999998949e-02 3.441901708741429296e-40
5.255999999999999561e-02 3.425702048953672820e-40
5.257999999999999480e-02 3.409527932746827277e-40
5.259999999999999398e-02 3.393379455469716187e-40
5.261999999999999317e-02 3.377256712439959477e-40
5.263999999999999235e-02 3.361159798944482852e-40
5.265999999999999154e-02 3.345088810239972946e-40
5.267999999999999072e-02 3.329043841553374458e-40
5.269999999999998991e-02 3.313024988082353457e-40
5.271999999999998909e-02 3.297032344995812061e-40
5.273999999999999522e-02 3.281066007434351326e-40
5.275999999999999440e-02 3.265126070510807956e-40
5.277999999999999359e-02 3.249212629310676402e-40
5.279999999999999277e-02 3.233325778892681464e-40
5.281999999999999196e-02 3.217465614289242400e-40
5.283999999999999114e-02 3.201632230506980267e-40
5.285999999999999033e-02 3.185825722527226492e-40
5.287999999999998951e-02 3.170046185306531840e-40
5.289999999999998870e-02 3.154293713777185996e-40
5.291999999999999482e-02 3.138568402847687791e-40
5.293999999999999401e-02 3.122870347403346348e-40
5.295999999999999319e-02 3.107199642306716239e-40
5.297999999999999238e-02 3.091556382398161921e-40
5.299999999999999156e-02 3.075940662496374052e-40
5.301999999999999075e-02 3.060352577398887439e-40
5.303999999999998993e-02 3.044792221882623857e-40
5.305999999999998912e-02 3.029259690704417750e-40
5.307999999999999524e-02 3.013755078601527239e-40
5.309999999999999443e-02 2.998278480292225072e-40
5.311999999999999361e-02 2.982829990476284760e-40
5.313999999999999280e-02 2.967409703835542565e-40
5.315999999999999198e-02 2.952017715034444815e-40
5.317999999999999117e-02 2.936654118720587463e-40
5.319999999999999035e-02 2.921319009525263394e-40
5.321999999999998954e-02 2.906012482064029315e-40
5.323999999999998872e-02 2.890734630937219622e-40
5.325999999999999485e-02 2.875485550730547949e-40
5.327999999999999403e-02 2.860265336015653666e-40
5.329999999999999322e-02 2.845074081350639805e-40
5.331999999999999240e-02 2.829911881280655444e-40
5.333999999999999159e-02 2.814778830338453626e-40
5.335999999999999077e-02 2.799675023044965577e-40
5.337999999999998996e-02 2.784600553909869229e-40
5.339999999999998914e-02 2.769555517432135306e-40
5.341999999999999527e-02 2.754540008100644373e-40
5.343999999999999445e-02 2.739554120394748415e-40
5.345999999999999364e-02 2.724597948784828351e-40
5.347999999999999282e-02 2.709671587732898435e-40
5.349999999999999201e-02 2.694775131693180482e-40
5.351999999999999119e-02 2.679908675112686257e-40
5.353999999999999038e-02 2.665072312431823914e-40
5.355999999999998956e-02 2.650266138084946534e-40
5.357999999999998875e-02 2.635490246500991601e-40
5.359999999999999487e-02 2.620744732104044222e-40
5.361999999999999406e-02 2.606029689313960289e-40
5.363999999999999324e-02 2.591345212546928066e-40
5.365999999999999243e-02 2.576691396216095026e-40
5.367999999999999161e-02 2.562068334732165321e-40
5.369999999999999080e-02 2.547476122504000931e-40
5.371999999999998998e-02 2.532914853939237891e-40
5.373999999999998917e-02 2.518384623444868680e-40
5.375999999999999529e-02 2.503885525427891487e-40
5.377999999999999448e-02 2.489417654295893817e-40
5.379999999999999366e-02 2.474981104457683405e-40
5.381999999999999285e-02 2.460575970323892628e-40
5.383999999999999203e-02 2.446202346307609005e-40
5.385999999999999122e-02 2.431860326824995923e-40
5.387999999999999040e-02 2.417550006295887660e-40
5.389999999999998959e-02 2.403271479144460269e-40
5.391999999999998877e-02 2.389024839799828640e-40
5.393999999999999490e-02 2.374810182696674567e-40
5.395999999999999408e-02 2.360627602275902128e-40
5.397999999999999327e-02 2.346477192985234751e-40
5.399999999999999245e-02 2.332359049279875089e-40
5.401999999999999164e-02 2.318273265623137969e-40
5.403999999999999082e-02 2.304219936487067447e-40
5.405999999999999001e-02 2.290199156353108093e-40
5.407999999999998919e-02 2.276211019712734279e-40
5.409999999999999531e-02 2.262255621068074977e-40
5.411999999999999450e-02 2.248333054932602174e-40
5.413999999999999369e-02 2.234443415831732024e-40
5.415999999999999287e-02 2.220586798303495720e-40
5.417999999999999206e-02 2.206763296899200192e-40
5.419999999999999124e-02 2.192973006184045147e-40
5.421999999999999043e-02 2.179216020737822916e-40
5.423999999999998961e-02 2.165492435155542428e-40
5.425999999999998880e-02 2.151802344048098877e-40
5.427999999999999492e-02 2.138145842042924208e-40
5.429999999999999410e-02 2.124523023784671461e-40
5.431999999999999329e-02 2.110933983935843237e-40
5.433999999999999247e-02 2.097378817177483385e-40
5.435999999999999166e-02 2.083857618209818106e-40
5.437999999999999085e-02 2.070370481752949273e-40
5.439999999999999003e-02 2.056917502547515115e-40
5.441999999999998922e-02 2.043498775355349682e-40
5.443999999999999534e-02 2.030114394960161476e-40
5.445999999999999452e-02 2.016764456168225539e-40
5.447999999999999371e-02 2.003449053809023344e-40
5.449999999999999289e-02 1.990168282735952829e-40
5.451999999999999208e-02 1.976922237826971138e-40
5.453999999999999126e-02 1.963711013985316076e-40
5.455999999999999045e-02 1.950534706140157824e-40
5.457999999999998963e-02 1.937393409247292252e-40
5.459999999999998882e-02 1.924287218289825259e-40
5.461999999999999494e-02 1.911216228278847332e-40
5.463999999999999413e-02 1.898180534254146426e-40
5.465999999999999331e-02 1.885180231284872331e-40
5.467999999999999250e-02 1.872215414470219376e-40
5.469999999999999168e-02 1.859286178940147479e-40
5.471999999999999087e-02 1.846392619856056287e-40
5.473999999999999005e-02 1.833534832411479517e-40
5.475999999999998924e-02 1.820712911832783564e-40
5.477999999999999536e-02 1.807926953379855518e-40
5.479999999999999455e-02 1.795177052346825022e-40
5.481999999999999373e-02 1.782463304062729040e-40
5.483999999999999292e-02 1.769785803892241264e-40
5.485999999999999210e-02 1.757144647236342383e-40
5.487999999999999129e-02 1.744539929533058257e-40
5.489999999999999047e-02 1.731971746258146100e-40
5.491999999999998966e-02 1.719440192925794514e-40
5.493999999999998884e-02 1.706945365089339241e-40
5.495999999999999497e-02 1.694487358341963813e-40
5.497999999999999415e-02 1.682066268317421006e-40
5.499999999999999334e-02 1.669682190690711680e-40
5.501999999999999252e-02 1.657335221178836610e-40
5.503999999999999171e-02 1.645025455541478998e-40
5.505999999999999089e-02 1.632752989581728369e-40
5.507999999999999008e-02 1.620517919146793260e-40
5.509999999999998926e-02 1.608320340128713498e-40
5.511999999999998845e-02 1.596160348465077980e-40
5.513999999999999457e-02 1.584038040139743684e-40
5.515999999999999376e-02 1.571953511183550186e-40
5.517999999999999294e-02 1.559906857675038874e-40
5.519999999999999213e-02 1.547898175741175626e-40
5.521999999999999131e-02 1.535927561558071239e-40
5.523999999999999050e-02 1.523995111351699016e-40
5.525999999999998968e-02 1.512100921398622535e-40
5.527999999999998887e-02 1.500245088026715069e-40
5.529999999999999499e-02 1.488427707615888172e-40
5.531999999999999418e-02 1.476648876598811098e-40
5.533999999999999336e-02 1.464908691461642654e-40
5.535999999999999255e-02 1.453207248744756932e-40
5.537999999999999173e-02 1.441544645043466809e-40
5.539999999999999092e-02 1.429920977008758649e-40
5.541999999999999010e-02 1.418336341348014577e-40
5.543999999999998929e-02 1.406790834825749837e-40
5.545999999999998847e-02 1.395284554264342810e-40
5.547999999999999460e-02 1.383817596544744642e-40
5.549999999999999378e-02 1.372390058607257791e-40
5.551999999999999297e-02 1.361002037452224453e-40
5.553999999999999215e-02 1.349653630140780840e-40
5.555999999999999134e-02 1.338344933795585570e-40
5.557999999999999052e-02 1.327076045601558252e-40
5.559999999999998971e-02 1.315847062806610722e-40
5.561999999999998889e-02 1.304658082722393381e-40
5.563999999999999502e-02 1.293509202724998497e-40
5.565999999999999420e-02 1.282400520255754253e-40
5.567999999999999339e-02 1.271332132821910926e-40
5.569999999999999257e-02 1.260304137997402509e-40
5.571999999999999176e-02 1.249316633423580198e-40
5.573999999999999094e-02 1.238369716809953014e-40
5.575999999999999013e-02 1.227463485934925571e-40
5.577999999999998931e-02 1.216598038646545629e-40
5.579999999999998850e-02 1.205773472863222287e-40
5.581999999999999462e-02 1.194989886574492704e-40
5.583999999999999381e-02 1.184247377841761502e-40
5.585999999999999299e-02 1.173546044799022624e-40
5.587999999999999218e-02 1.162885985653613415e-40
5.589999999999999136e-02 1.152267298686959937e-40
5.591999999999999055e-02 1.141690082255313915e-40
5.593999999999998973e-02 1.131154434790504376e-40
5.595999999999998892e-02 1.120660454800657061e-40
5.597999999999999504e-02 1.110208240870967472e-40
5.599999999999999423e-02 1.099797891664440062e-40
5.601999999999999341e-02 1.089429505922610306e-40
5.603999999999999260e-02 1.079103182466308566e-40
5.605999999999999178e-02 1.068819020196397860e-40
5.607999999999999097e-02 1.058577118094519988e-40
5.609999999999999015e-02 1.048377575223844110e-40
5.611999999999998934e-02 1.038220490729793907e-40
5.613999999999998852e-02 1.028105963840818788e-40
5.615999999999999465e-02 1.018034093869122285e-40
5.617999999999999383e-02 1.008004980211410007e-40
5.619999999999999302e-02 9.980187223496367943e-41
5.621999999999999220e-02 9.880754198517497824e-41
5.623999999999999139e-02 9.781751723724365728e-41
5.625999999999999057e-02 9.683180796538721744e-41
5.627999999999998976e-02 9.585042415264471873e-41
5.629999999999998894e-02 9.487337579095381964e-41
5.631999999999999507e-02 9.390067288122461505e-41
5.633999999999999425e-02 9.293232543341288277e-41
5.635999999999999344e-02 9.196834346659549157e-41
5.637999999999999262e-02 9.100873700904500380e-41
5.639999999999999181e-02 9.005351609830395167e-41
5.641999999999999099e-02 8.910269078125968457e-41
5.643999999999999018e-02 8.815627111421724850e-41
5.645999999999998936e-02 8.721426716297629300e-41
5.647999999999998855e-02 8.627668900290387917e-41
5.649999999999999467e-02 8.534354671900873567e-41
5.651999999999999386e-02 8.441485040601739063e-41
5.653999999999999304e-02 8.349061016844612334e-41
5.655999999999999223e-02 8.257083612067661701e-41
5.657999999999999141e-02 8.165553838703066329e-41
5.659999999999999060e-02 8.074472710184246062e-41
5.661999999999998978e-02 7.983841240953549046e-41
5.663999999999998897e-02 7.893660446469489720e-41
5.665999999999999509e-02 7.803931343214175430e-41
5.667999999999999428e-02 7.714654948700884953e-41
5.669999999999999346e-02 7.625832281481217788e-41
5.671999999999999265e-02 7.537464361152673707e-41
5.673999999999999183e-02 7.449552208366044694e-41
5.675999999999999102e-02 7.362096844832640707e-41
5.677999999999999020e-02 7.275099293331933459e-41
5.679999999999998939e-02 7.188560577718776053e-41
5.681999999999998857e-02 7.102481722930808185e-41
5.683999999999999470e-02 7.016863754995817503e-41
5.685999999999999388e-02 6.931707701039232491e-41
5.687999999999999307e-02 6.847014589291272777e-41
5.689999999999999225e-02 6.762785449094492995e-41
5.691999999999999144e-02 6.679021310910934111e-41
5.693999999999999062e-02 6.595723206329708071e-41
5.695999999999998981e-02 6.512892168074171556e-41
5.697999999999998899e-02 6.430529230009298558e-41
5.699999999999999512e-02 6.348635427148961192e-41
5.701999999999999430e-02 6.267211795663400150e-41
5.703999999999999349e-02 6.186259372886312810e-41
5.705999999999999267e-02 6.105779197322326756e-41
5.707999999999999186e-02 6.025772308654122548e-41
5.709999999999999104e-02 5.946239747749929669e-41
5.711999999999999023e-02 5.867182556670663578e-41
5.713999999999998941e-02 5.788601778677221812e-41
5.715999999999998860e-02 5.710498458237754608e-41
5.717999999999999472e-02 5.632873641034872301e-41
5.719999999999999390e-02 5.555728373973033195e-41
5.721999999999999309e-02 5.479063705185600064e-41
5.723999999999999228e-02 5.402880684042059798e-41
5.725999999999999146e-02 5.327180361155426554e-41
5.727999999999999065e-02 5.251963788389283997e-41
5.729999999999998983e-02 5.177232018865036536e-41
5.731999999999998902e-02 5.102986106969077989e-41
5.733999999999999514e-02 5.029227108359979611e-41
5.735999999999999432e-02 4.955956079975635303e-41
5.737999999999999351e-02 4.883174080040469014e-41
5.739999999999999269e-02 4.810882168072427013e-41
5.741999999999999188e-02 4.739081404890322935e-41
5.743999999999999106e-02 4.667772852620804564e-41
5.745999999999999025e-02 4.596957574705512294e-41
5.747999999999998944e-02 4.526636635908140732e-41
5.749999999999998862e-02 4.456811102321639985e-41
5.751999999999999474e-02 4.387482041375108013e-41
5.753999999999999393e-02 4.318650521841006695e-41
5.755999999999999311e-02 4.250317613842046538e-41
5.757999999999999230e-02 4.182484388858423137e-41
5.759999999999999148e-02 4.115151919734691175e-41
5.761999999999999067e-02 4.048321280686827045e-41
5.763999999999998985e-02 3.981993547309207869e-41
5.765999999999998904e-02 3.916169796581604276e-41
5.767999999999999516e-02 3.850851106876116602e-41
5.769999999999999435e-02 3.786038557964264015e-41
5.771999999999999353e-02 3.721733231023651037e-41
5.773999999999999272e-02 3.657936208645172394e-41
5.775999999999999190e-02 3.594648574839785569e-41
5.777999999999999109e-02 3.531871415045424059e-41
5.779999999999999027e-02 3.469605816133899919e-41
5.781999999999998946e-02 3.407852866417747179e-41
5.783999999999998864e-02 3.346613655657092274e-41
5.785999999999999477e-02 3.285889275066477575e-41
5.787999999999999395e-02 3.225680817321682883e-41
5.789999999999999314e-02 3.165989376566536723e-41
5.791999999999999232e-02 3.106816048419696546e-41
5.793999999999999151e-02 3.048161929981424336e-41
5.795999999999999069e-02 2.990028119840338774e-41
5.797999999999998988e-02 2.932415718080153635e-41
5.799999999999998906e-02 2.875325826286402926e-41
5.801999999999998825e-02 2.818759547553168581e-41
5.803999999999999437e-02 2.762717986489640429e-41
5.805999999999999356e-02 2.707202249227033528e-41
5.807999999999999274e-02 2.652213443424998763e-41
5.809999999999999193e-02 2.597752678278370935e-41
5.811999999999999111e-02 2.543821064523767979e-41
5.813999999999999030e-02 2.490419714446180503e-41
5.815999999999998948e-02 2.437549741885559292e-41
5.817999999999998867e-02 2.385212262243388015e-41
5.819999999999999479e-02 2.333408392489120341e-41
5.821999999999999398e-02 2.282139251166920883e-41
5.823999999999999316e-02 2.231405958401946315e-41
5.825999999999999235e-02 2.181209635906938984e-41
5.827999999999999153e-02 2.131551406988668358e-41
5.829999999999999072e-02 2.082432396554375528e-41
5.831999999999998990e-02 2.033853731118192222e-41
5.833999999999998909e-02 1.985816538807570775e-41
5.835999999999998827e-02 1.938321949369574426e-41
5.837999999999999440e-02 1.891371094177355974e-41
5.839999999999999358e-02 1.844965106236483498e-41
5.841999999999999277e-02 1.799105120191163870e-41
5.843999999999999195e-02 1.753792272330625571e-41
5.845999999999999114e-02 1.709027700595367181e-41
5.847999999999999032e-02 1.664812544583421924e-41
5.849999999999998951e-02 1.621147945556596475e-41
5.851999999999998869e-02 1.578035046446620289e-41
5.853999999999999482e-02 1.535474991861435389e-41
5.855999999999999400e-02 1.493468928091292676e-41
5.857999999999999319e-02 1.452018003114911466e-41
5.859999999999999237e-02 1.411123366605599509e-41
5.861999999999999156e-02 1.370786169937351598e-41
5.863999999999999074e-02 1.331007566190918615e-41
5.865999999999998993e-02 1.291788710159864082e-41
5.867999999999998911e-02 1.253130758356580442e-41
5.869999999999998830e-02 1.215034869018301006e-41
5.871999999999999442e-02 1.177502202113071113e-41
5.873999999999999361e-02 1.140533919345704260e-41
5.875999999999999279e-02 1.104131184163711329e-41
5.877999999999999198e-02 1.068295161763201662e-41
5.879999999999999116e-02 1.033027019094765639e-41
5.881999999999999035e-02 9.983279248693407062e-42
5.883999999999998953e-02 9.641990495639829510e-42
5.885999999999998872e-02 9.306415654277556820e-42
5.887999999999999484e-02 8.976566464874376681e-42
5.889999999999999403e-02 8.652454685533399629e-42
5.891999999999999321e-02 8.334092092249518225e-42
5.893999999999999240e-02 8.021490478966912575e-42
5.895999999999999158e-02 7.714661657635647152e-42
5.897999999999999077e-02 7.413617458268251046e-42
5.899999999999998995e-02 7.118369728995372951e-42
5.901999999999998914e-02 6.828930336122492684e-42
5.903999999999998832e-02 6.545311164185006487e-42
5.905999999999999445e-02 6.267524116003618187e-42
5.907999999999999363e-02 5.995581112739883308e-42
5.909999999999999282e-02 5.729494093950299636e-42
5.911999999999999200e-02 5.469275017641324330e-42
5.913999999999999119e-02 5.214935860323561988e-42
5.915999999999999037e-02 4.966488617065316751e-42
5.917999999999998956e-02 4.723945301546877864e-42
5.919999999999998874e-02 4.487317946113477237e-42
5.921999999999999487e-02 4.256618601828370632e-42
5.923999999999999405e-02 4.031859338526018895e-42
5.925999999999999324e-02 3.813052244863984516e-42
5.927999999999999242e-02 3.600209428375526603e-42
5.929999999999999161e-02 3.393343015521477052e-42
5.931999999999999079e-02 3.192465151741482032e-42
5.933999999999998998e-02 2.997588001505820167e-42
5.935999999999998916e-02 2.808723748366022389e-42
5.937999999999998835e-02 2.625884595005648565e-42
5.939999999999999447e-02 2.449082763290563875e-42
5.941999999999999366e-02 2.278330494319295181e-42
5.943999999999999284e-02 2.113640048472322243e-42
5.945999999999999203e-02 1.955023705461863116e-42
5.947999999999999121e-02 1.802493764380639648e-42
5.949999999999999040e-02 1.656062543751069612e-42
5.951999999999998958e-02 1.515742381573454867e-42
5.953999999999998877e-02 1.381545635374193737e-42
5.955999999999999489e-02 1.253484682253542699e-42
5.957999999999999408e-02 1.131571918933318181e-42
5.959999999999999326e-02 1.015819761803726929e-42
5.961999999999999245e-02 9.062406469704649728e-43
5.963999999999999163e-02 8.028470303009636496e-43
5.965999999999999082e-02 7.056513874708342102e-43
5.967999999999999000e-02 6.146662140094957213e-43
5.969999999999998919e-02 5.299040253457063504e-43
5.971999999999998837e-02 4.513773568527052173e-43
5.973999999999999450e-02 3.790987638930085463e-43
5.975999999999999368e-02 3.130808218628633822e-43
5.977999999999999287e-02 2.533361262363769931e-43
5.979999999999999205e-02 1.998772926091747573e-43
5.981999999999999124e-02 1.527169567419393658e-43
5.983999999999999042e-02 1.118677746034383030e-43
5.985999999999998961e-02 7.734242241312776382e-44
5.987999999999998879e-02 4.915359668357758817e-44
5.989999999999999492e-02 2.731401426243313704e-44
5.991999999999999410e-02 1.183641237403780347e-44
5.993999999999999329e-02 2.733548660695772275e-45
5.995999999999999247e-02 1.820122355507422458e-47
5.997999999999999166e-02 3.703168663160372179e-45
5.999999999999999084e-02 1.380127011959609891e-44
6.001999999999999003e-02 3.032534531228289624e-44
6.003999999999998921e-02 5.328825457939678741e-44
6.005999999999998840e-02 8.270287891691443370e-44
6.007999999999999452e-02 1.185821200172990267e-43
6.009999999999999371e-02 1.609389003077091315e-43
6.011999999999999289e-02 2.097861629880762919e-43
6.013999999999999208e-02 2.651368720684697365e-43
6.015999999999999126e-02 3.270040124063262595e-43
6.017999999999999045e-02 3.954005897431947067e-43
6.019999999999998963e-02 4.703396307411111622e-43
6.021999999999998882e-02 5.518341830185832310e-43
6.023999999999998800e-02 6.398973151861466552e-43
6.025999999999999412e-02 7.345421168817581213e-43
6.027999999999999331e-02 8.357816988052171970e-43
6.029999999999999249e-02 9.436291927529603346e-43
6.031999999999999168e-02 1.058097751651881575e-42
6.033999999999999087e-02 1.179200549592980084e-42
6.035999999999999005e-02 1.306950781864567513e-42
6.037999999999998924e-02 1.441361664985077890e-42
6.039999999999998842e-02 1.582446436735397344e-42
6.041999999999999454e-02 1.730218356191163412e-42
6.043999999999999373e-02 1.884690703753740317e-42
6.045999999999999291e-02 2.045876781181986818e-42
6.047999999999999210e-02 2.213789911622718988e-42
6.049999999999999128e-02 2.388443439641101956e-42
6.051999999999999047e-02 2.569850731250581230e-42
6.053999999999998965e-02 2.758025173942382936e-42
6.055999999999998884e-02 2.952980176714509689e-42
6.057999999999998803e-02 3.154729170100743463e-42
6.059999999999999415e-02 3.363285606198465438e-42
6.061999999999999333e-02 3.578662958696451313e-42
6.063999999999999252e-02 3.800874722902685416e-42
6.065999999999999170e-02 4.029934415770976808e-42
6.067999999999999089e-02 4.265855575927558183e-42
6.069999999999999007e-02 4.508651763697172433e-42
6.071999999999998926e-02 4.758336561128727155e-42
6.073999999999998844e-02 5.014923572020402426e-42
6.075999999999999457e-02 5.278426421944962477e-42
6.077999999999999375e-02 5.548858758272998909e-42
6.079999999999999294e-02 5.826234250197932675e-42
6.081999999999999212e-02 6.110566588758887057e-42
6.083999999999999131e-02 6.401869486863818086e-42
6.085999999999999049e-02 6.700156679312051057e-42
6.087999999999998968e-02 7.005441922816415587e-42
6.089999999999998886e-02 7.317738996024715393e-42
6.091999999999998805e-02 7.637061699541505224e-42
6.093999999999999417e-02 7.963423855948010883e-42
6.095999999999999336e-02 8.296839309822947746e-42
6.097999999999999254e-02 8.637321927762231778e-42
6.099999999999999173e-02 8.984885598398470050e-42
6.101999999999999091e-02 9.339544232419309339e-42
6.103999999999999010e-02 9.701311762586720184e-42
6.105999999999998928e-02 1.007020214375427620e-41
6.107999999999998847e-02 1.044622935288536120e-41
6.109999999999999459e-02 1.082940738906938307e-41
6.111999999999999378e-02 1.121975027353884020e-41
6.113999999999999296e-02 1.161727204968536206e-41
6.115999999999999215e-02 1.202198678307529342e-41
6.117999999999999133e-02 1.243390856146480709e-41
6.119999999999999052e-02 1.285305149481444819e-41
6.121999999999998970e-02 1.327942971530400215e-41
6.123999999999998889e-02 1.371305737734515792e-41
6.125999999999998807e-02 1.415394865759540989e-41
6.127999999999999420e-02 1.460211775497084085e-41
6.129999999999999338e-02 1.505757889065759739e-41
6.131999999999999257e-02 1.552034630812482580e-41
6.133999999999999175e-02 1.599043427313511506e-41
6.135999999999999094e-02 1.646785707375536306e-41
6.137999999999999012e-02 1.695262902036780840e-41
6.139999999999998931e-02 1.744476444567864841e-41
6.141999999999998849e-02 1.794427770472814059e-41
6.143999999999999462e-02 1.845118317489939653e-41
6.145999999999999380e-02 1.896549525592587832e-41
6.147999999999999299e-02 1.948722836990042183e-41
6.149999999999999217e-02 2.001639696128171616e-41
6.151999999999999136e-02 2.055301549690108890e-41
6.153999999999999054e-02 2.109709846596967635e-41
6.155999999999998973e-02 2.164866038008287394e-41
6.157999999999998891e-02 2.220771577322646651e-41
6.159999999999998810e-02 2.277427920178123421e-41
6.161999999999999422e-02 2.334836524452735197e-41
6.163999999999999341e-02 2.392998850264720869e-41
6.165999999999999259e-02 2.451916359973009982e-41
6.167999999999999178e-02 2.511590518177361651e-41
6.169999999999999096e-02 2.572022791718715558e-41
6.171999999999999015e-02 2.633214649679203160e-41
6.173999999999998933e-02 2.695167563382363333e-41
6.175999999999998852e-02 2.757883006393176531e-41
6.177999999999999464e-02 2.821362454518100974e-41
6.179999999999999383e-02 2.885607385804925835e-41
6.181999999999999301e-02 2.950619280542821708e-41
6.183999999999999220e-02 3.016399621262073983e-41
6.185999999999999138e-02 3.082949892734005367e-41
6.187999999999999057e-02 3.150271581970551219e-41
6.189999999999998975e-02 3.218366178224067880e-41
6.191999999999998894e-02 3.287235172986945733e-41
6.193999999999998812e-02 3.356880059991171300e-41
6.195999999999999425e-02 3.427302335207903607e-41
6.197999999999999343e-02 3.498503496846830824e-41
6.199999999999999262e-02 3.570485045355749697e-41
6.201999999999999180e-02 3.643248483419807994e-41
6.203999999999999099e-02 3.716795315960942212e-41
6.205999999999999017e-02 3.791127050136970657e-41
6.207999999999998936e-02 3.866245195340904213e-41
6.209999999999998854e-02 3.942151263200071034e-41
6.211999999999999467e-02 4.018846767575199936e-41
6.213999999999999385e-02 4.096333224559465570e-41
6.215999999999999304e-02 4.174612152477429073e-41
6.217999999999999222e-02 4.253685071884125550e-41
6.219999999999999141e-02 4.333553505563612698e-41
6.221999999999999059e-02 4.414218978528105190e-41
6.223999999999998978e-02 4.495683018016577336e-41
6.225999999999998896e-02 4.577947153493484537e-41
6.227999999999998815e-02 4.661012916647416416e-41
6.229999999999999427e-02 4.744881841389673998e-41
6.231999999999999346e-02 4.829555463852794383e-41
6.233999999999999264e-02 4.915035322389127916e-41
6.235999999999999183e-02 5.001322957569068716e-41
6.237999999999999101e-02 5.088419912179555889e-41
6.239999999999999020e-02 5.176327731222333111e-41
6.241999999999998938e-02 5.265047961912198008e-41
6.243999999999998857e-02 5.354582153675190368e-41
6.245999999999999469e-02 5.444931858146772189e-41
6.247999999999999388e-02 5.536098629169693703e-41
6.249999999999999306e-02 5.628084022792393657e-41
6.251999999999999225e-02 5.720889597266588008e-41
6.253999999999999837e-02 5.814516913045386759e-41
6.255999999999999062e-02 5.908967532780904071e-41
6.257999999999999674e-02 6.004243021322478076e-41
6.259999999999998899e-02 6.100344945713787504e-41
6.261999999999999511e-02 6.197274875191170407e-41
6.263999999999998736e-02 6.295034381180547060e-41
6.265999999999999348e-02 6.393625037295764171e-41
6.267999999999998573e-02 6.493048419335191527e-41
6.269999999999999185e-02 6.593306105279993803e-41
6.271999999999999797e-02 6.694399675290830191e-41
6.273999999999999022e-02 6.796330711705467563e-41
6.275999999999999635e-02 6.899100799036250897e-41
6.277999999999998859e-02 7.002711523966710117e-41
6.279999999999999472e-02 7.107164475349339453e-41
6.281999999999998696e-02 7.212461244202133929e-41
6.283999999999999309e-02 7.318603423706053673e-41
6.285999999999998533e-02 7.425592609201432957e-41
6.287999999999999146e-02 7.533430398185550545e-41
6.289999999999999758e-02 7.642118390308811368e-41
6.291999999999998983e-02 7.751658187371798920e-41
6.293999999999999595e-02 7.862051393322268523e-41
6.295999999999998820e-02 7.973299614251081246e-41
6.297999999999999432e-02 8.085404458389716130e-41
6.299999999999998657e-02 8.198367536105809536e-41
6.301999999999999269e-02 8.312190459900516467e-41
6.303999999999998494e-02 8.426874844404108037e-41
6.305999999999999106e-02 8.542422306373113581e-41
6.307999999999999718e-02 8.658834464685874280e-41
6.309999999999998943e-02 8.776112940339101059e-41
6.311999999999999555e-02 8.894259356444293825e-41
6.313999999999998780e-02 9.013275338223097289e-41
6.315999999999999392e-02 9.133162513004339087e-41
6.317999999999998617e-02 9.253922510218892123e-41
6.319999999999999230e-02 9.375556961396593403e-41
6.321999999999998454e-02 9.498067500161196098e-41
6.323999999999999067e-02 9.621455762227033482e-41
6.325999999999999679e-02 9.745723385393887397e-41
6.327999999999998904e-02 9.870872009543234155e-41
6.329999999999999516e-02 9.996903276633731890e-41
6.331999999999998741e-02 1.012381883069652029e-40
6.333999999999999353e-02 1.025162031783095267e-40
6.335999999999998578e-02 1.038030938619964687e-40
6.337999999999999190e-02 1.050988768602447432e-40
6.339999999999999802e-02 1.064035686958101142e-40
6.341999999999999027e-02 1.077171859119441843e-40
6.343999999999999639e-02 1.090397450723420088e-40
6.345999999999998864e-02 1.103712627610963371e-40
6.347999999999999476e-02 1.117117555826439415e-40
6.349999999999998701e-02 1.130612401617178201e-40
6.351999999999999313e-02 1.144197331432954426e-40
6.353999999999998538e-02 1.157872511925470370e-40
6.355999999999999150e-02 1.171638109947831636e-40
6.357999999999999763e-02 1.185494292554026544e-40
6.359999999999998987e-02 1.199441226998350893e-40
6.361999999999999600e-02 1.213479080734954649e-40
6.363999999999998824e-02 1.227608021417170049e-40
6.365999999999999437e-02 1.241828216897073585e-40
6.367999999999998662e-02 1.256139835224821649e-40
6.369999999999999274e-02 1.270543044648180099e-40
6.371999999999998499e-02 1.285038013611849093e-40
6.373999999999999111e-02 1.299624910756983072e-40
6.375999999999999723e-02 1.314303904920507643e-40
6.377999999999998948e-02 1.329075165134585113e-40
6.379999999999999560e-02 1.343938860626017019e-40
6.381999999999998785e-02 1.358895160815573855e-40
6.383999999999999397e-02 1.373944235317468359e-40
6.385999999999998622e-02 1.389086253938642418e-40
6.387999999999999234e-02 1.404321386678235460e-40
6.389999999999998459e-02 1.419649803726850562e-40
6.391999999999999071e-02 1.435071675466007343e-40
6.393999999999999684e-02 1.450587172467433358e-40
6.395999999999998908e-02 1.466196465492406672e-40
6.397999999999999521e-02 1.481899725491166136e-40
6.399999999999998745e-02 1.497697123602137529e-40
6.401999999999999358e-02 1.513588831151372173e-40
6.403999999999998582e-02 1.529575019651757376e-40
6.405999999999999195e-02 1.545655860802438330e-40
6.407999999999999807e-02 1.561831526488019572e-40
6.409999999999999032e-02 1.578102188777933057e-40
6.411999999999999644e-02 1.594468019925735253e-40
6.413999999999998869e-02 1.610929192368320236e-40
6.415999999999999481e-02 1.627485878725302635e-40
6.417999999999998706e-02 1.644138251798181991e-40
6.419999999999999318e-02 1.660886484569720810e-40
6.421999999999998543e-02 1.677730750203085060e-40
6.423999999999999155e-02 1.694671222041212846e-40
6.425999999999999768e-02 1.711708073605978765e-40
6.427999999999998992e-02 1.728841478597440234e-40
6.429999999999999605e-02 1.746071610893139277e-40
6.431999999999998829e-02 1.763398644547220598e-40
6.433999999999999442e-02 1.780822753789761914e-40
6.435999999999998666e-02 1.798344113025878158e-40
6.437999999999999279e-02 1.815962896835035706e-40
6.439999999999998503e-02 1.833679279970128847e-40
6.441999999999999116e-02 1.851493437356820521e-40
6.443999999999999728e-02 1.869405544092569230e-40
6.445999999999998953e-02 1.887415775445920031e-40
6.447999999999999565e-02 1.905524306855628913e-40
6.449999999999998790e-02 1.923731313929838983e-40
6.451999999999999402e-02 1.942036972445243184e-40
6.453999999999998627e-02 1.960441458346193594e-40
6.455999999999999239e-02 1.978944947743928993e-40
6.457999999999998464e-02 1.997547616915618495e-40
6.459999999999999076e-02 2.016249642303580146e-40
6.461999999999999689e-02 2.035051200514308243e-40
6.463999999999998913e-02 2.053952468317673990e-40
6.465999999999999526e-02 2.072953622645995224e-40
6.467999999999998750e-02 2.092054840593143682e-40
6.469999999999999363e-02 2.111256299413647767e-40
6.471999999999998587e-02 2.130558176521763507e-40
6.473999999999999200e-02 2.149960649490600983e-40
6.475999999999998424e-02 2.169463896051136556e-40
6.477999999999999037e-02 2.189068094091331957e-40
6.479999999999999649e-02 2.208773421655176288e-40
6.481999999999998874e-02 2.228580056941714156e-40
6.483999999999999486e-02 2.248488178304177814e-40
6.485999999999998711e-02 2.268497964248903140e-40
6.487999999999999323e-02 2.288609593434488692e-40
6.489999999999998548e-02 2.308823244670725960e-40
6.491999999999999160e-02 2.329139096917696841e-40
6.493999999999999773e-02 2.349557329284709198e-40
6.495999999999998997e-02 2.370078121029338452e-40
6.497999999999999610e-02 2.390701651556482638e-40
6.499999999999998834e-02 2.411428100417233123e-40
6.501999999999999447e-02 2.432257647307995723e-40
6.503999999999998671e-02 2.453190472069327982e-40
6.505999999999999284e-02 2.474226754685072115e-40
6.507999999999998508e-02 2.495366675281140491e-40
6.509999999999999121e-02 2.516610414124643281e-40
6.511999999999999733e-02 2.537958151622702480e-40
6.513999999999998958e-02 2.559410068321453949e-40
6.515999999999999570e-02 2.580966344905033132e-40
6.517999999999998795e-02 2.602627162194384192e-40
6.519999999999999407e-02 2.624392701146313434e-40
6.521999999999998632e-02 2.646263142852292316e-40
6.523999999999999244e-02 2.668238668537471317e-40
6.525999999999998469e-02 2.690319459559451135e-40
6.527999999999999081e-02 2.712505697407334078e-40
6.529999999999999694e-02 2.734797563700466306e-40
6.531999999999998918e-02 2.757195240187388889e-40
6.533999999999999531e-02 2.779698908744752977e-40
6.535999999999998755e-02 2.802308751376055522e-40
6.537999999999999368e-02 2.825024950210686173e-40
6.539999999999998592e-02 2.847847687502559823e-40
6.541999999999999205e-02 2.870777145629172063e-40
6.543999999999998429e-02 2.893813507090255790e-40
6.545999999999999042e-02 2.916956954506782429e-40
6.547999999999999654e-02 2.940207670619634845e-40
6.549999999999998879e-02 2.963565838288496820e-40
6.551999999999999491e-02 2.987031640490702967e-40
6.553999999999998716e-02 3.010605260319947945e-40
6.555999999999999328e-02 3.034286880985183681e-40
6.557999999999998553e-02 3.058076685809282091e-40
6.559999999999999165e-02 3.081974858227973494e-40
6.561999999999999778e-02 3.105981581788462026e-40
6.563999999999999002e-02 3.130097040148324492e-40
6.565999999999999615e-02 3.154321417074193886e-40
6.567999999999998839e-02 3.178654896440532229e-40
6.569999999999999452e-02 3.203097662228422976e-40
6.571999999999998676e-02 3.227649898524197851e-40
6.573999999999999289e-02 3.252311789518325911e-40
6.575999999999998513e-02 3.277083519503964114e-40
6.577999999999999126e-02 3.301965272875863514e-40
6.579999999999999738e-02 3.326957234128900254e-40
6.581999999999998963e-02 3.352059587856914465e-40
6.583999999999999575e-02 3.377272518751324052e-40
6.585999999999998800e-02 3.402596211599896712e-40
6.587999999999999412e-02 3.428030851285343728e-40
6.589999999999998637e-02 3.453576622784047943e-40
6.591999999999999249e-02 3.479233711164731379e-40
6.593999999999998474e-02 3.505002301587102047e-40
6.595999999999999086e-02 3.530882579300519931e-40
6.597999999999999698e-02 3.556874729642653186e-40
6.599999999999998923e-02 3.582978938038055617e-40
6.601999999999999535e-02 3.609195389996957054e-40
6.603999999999998760e-02 3.635524271113671994e-40
6.605999999999999373e-02 3.661965767065435647e-40
6.607999999999998597e-02 3.688520063610816657e-40
6.609999999999999210e-02 3.715187346588525419e-40
6.611999999999998434e-02 3.741967801915810484e-40
6.613999999999999047e-02 3.768861615587248116e-40
6.615999999999999659e-02 3.795868973673140737e-40
6.617999999999998884e-02 3.822990062318225735e-40
6.619999999999999496e-02 3.850225067740234181e-40
6.621999999999998721e-02 3.877574176228341893e-40
6.623999999999999333e-02 3.905037574141910046e-40
6.625999999999998558e-02 3.932615447908831826e-40
6.627999999999999170e-02 3.960307984024273044e-40
6.629999999999999782e-02 3.988115369049039181e-40
6.631999999999999007e-02 4.016037789608174894e-40
6.633999999999999619e-02 4.044075432389574942e-40
6.635999999999998844e-02 4.072228484142300654e-40
6.637999999999999456e-02 4.100497131675289554e-40
6.639999999999998681e-02 4.128881561855681621e-40
6.641999999999999293e-02 4.157381961607486492e-40
6.643999999999998518e-02 4.185998517909878728e-40
6.645999999999999130e-02 4.214731417795885412e-40
6.647999999999999743e-02 4.243580848350653682e-40
6.649999999999998967e-02 4.272546996710061655e-40
6.651999999999999580e-02 4.301630050059159694e-40
6.653999999999998805e-02 4.330830195630508090e-40
6.655999999999999417e-02 4.360147620702809193e-40
6.657999999999998642e-02 4.389582512599130898e-40
6.659999999999999254e-02 4.419135058685560800e-40
6.661999999999998479e-02 4.448805446369405213e-40
6.663999999999999091e-02 4.478593863097813141e-40
6.665999999999999703e-02 4.508500496356048711e-40
6.667999999999998928e-02 4.538525533665900624e-40
6.669999999999999540e-02 4.568669162584199282e-40
6.671999999999998765e-02 4.598931570701019882e-40
6.673999999999999377e-02 4.629312945638263977e-40
6.675999999999998602e-02 4.659813475047837288e-40
6.677999999999999214e-02 4.690433346610210868e-40
6.679999999999998439e-02 4.721172748032572819e-40
6.681999999999999051e-02 4.752031867047438390e-40
6.683999999999999664e-02 4.783010891410727472e-40
6.685999999999998888e-02 4.814110008900286607e-40
6.687999999999999501e-02 4.845329407314185887e-40
6.689999999999998725e-02 4.876669274468957939e-40
6.691999999999999338e-02 4.908129798198094653e-40
6.693999999999998562e-02 4.939711166350128750e-40
6.695999999999999175e-02 4.971413566787172922e-40
6.697999999999998400e-02 5.003237187383027499e-40
6.699999999999999012e-02 5.035182216021629870e-40
6.701999999999999624e-02 5.067248840595179276e-40
6.703999999999998849e-02 5.099437249002557686e-40
6.705999999999999461e-02 5.131747629147523101e-40
6.707999999999998686e-02 5.164180168936995033e-40
6.709999999999999298e-02 5.196735056279315511e-40
6.711999999999998523e-02 5.229412479082473381e-40
6.713999999999999135e-02 5.262212625252415069e-40
6.715999999999999748e-02 5.295135682691213417e-40
6.717999999999998972e-02 5.328181839295267515e-40
6.719999999999999585e-02 5.361351282953690951e-40
6.721999999999998809e-02 5.394644201546293858e-40
6.723999999999999422e-02 5.428060782942041316e-40
6.725999999999998646e-02 5.461601214996988904e-40
6.727999999999999259e-02 5.495265685552786776e-40
6.729999999999998483e-02 5.529054382434542624e-40
6.731999999999999096e-02 5.562967493449300465e-40
6.733999999999999708e-02 5.597005206383983539e-40
6.735999999999998933e-02 5.631167709003672449e-40
6.737999999999999545e-02 5.665455189049834347e-40
6.739999999999998770e-02 5.699867834238291126e-40
6.741999999999999382e-02 5.734405832257584828e-40
6.743999999999998607e-02 5.769069370766895256e-40
6.745999999999999219e-02 5.803858637394436378e-40
6.747999999999998444e-02 5.838773819735294011e-40
6.749999999999999056e-02 5.873815105349817328e-40
6.751999999999999669e-02 5.908982681761524234e-40
6.753999999999998893e-02 5.944276736455307728e-40
6.755999999999999506e-02 5.979697456875600660e-40
6.757999999999998730e-02 6.015245030424272946e-40
6.759999999999999343e-02 6.050919644459011670e-40
6.761999999999998567e-02 6.086721486291061690e-40
6.763999999999999180e-02 6.122650743183622047e-40
6.765999999999998404e-02 6.158707602349631442e-40
6.767999999999999017e-02 6.194892250950103464e-40
6.769999999999999629e-02 6.231204876091939800e-40
6.771999999999998854e-02 6.267645664826097439e-40
6.773999999999999466e-02 6.304214804145699596e-40
6.775999999999998691e-02 6.340912480983854629e-40
6.777999999999999303e-02 6.377738882211984748e-40
6.779999999999998528e-02 6.414694194637512790e-40
6.781999999999999140e-02 6.451778605002199086e-40
6.783999999999999753e-02 6.488992299979895123e-40
6.785999999999998977e-02 6.526335466174645496e-40
6.787999999999999590e-02 6.563808290118798834e-40
6.789999999999998814e-02 6.601410958270749226e-40
6.791999999999999427e-02 6.639143657013181734e-40
6.793999999999998651e-02 6.677006572650823605e-40
6.795999999999999264e-02 6.714999891408623715e-40
6.797999999999998488e-02 6.753123799429474420e-40
6.799999999999999101e-02 6.791378482772444831e-40
6.801999999999999713e-02 6.829764127410464331e-40
6.803999999999998938e-02 6.868280919228472649e-40
6.805999999999999550e-02 6.906929044021263250e-40
6.807999999999998775e-02 6.945708687491355266e-40
6.809999999999999387e-02 6.984620035247150919e-40
6.811999999999998612e-02 7.023663272800511365e-40
6.813999999999999224e-02 7.062838585565014441e-40
6.815999999999998449e-02 7.102146158853550902e-40
6.817999999999999061e-02 7.141586177876516102e-40
6.819999999999999674e-02 7.181158827739430701e-40
6.821999999999998898e-02 7.220864293441036090e-40
6.823999999999999511e-02 7.260702759871049691e-40
6.825999999999998735e-02 7.300674411808129059e-40
6.827999999999999348e-02 7.340779433917661435e-40
6.829999999999998572e-02 7.381018010749661784e-40
6.831999999999999185e-02 7.421390326736631679e-40
6.833999999999998409e-02 7.461896566191386372e-40
6.835999999999999022e-02 7.502536913304928364e-40
6.837999999999999634e-02 7.543311552144281002e-40
6.839999999999998859e-02 7.584220666650216043e-40
6.841999999999999471e-02 7.625264440635330318e-40
6.843999999999998696e-02 7.666443057781526968e-40
6.845999999999999308e-02 7.707756701638152467e-40
6.847999999999998533e-02 7.749205555619497430e-40
6.849999999999999145e-02 7.790789803002910802e-40
6.851999999999999758e-02 7.832509626926297404e-40
6.853999999999998982e-02 7.874365210386049409e-40
6.855999999999999595e-02 7.916356736234953352e-40
6.857999999999998819e-02 7.958484387179641997e-40
6.859999999999999432e-02 8.000748345778708530e-40
6.861999999999998656e-02 8.043148794440160050e-40
6.863999999999999269e-02 8.085685915419482822e-40
6.865999999999998493e-02 8.128359890817074570e-40
6.867999999999999106e-02 8.171170902576299932e-40
6.869999999999999718e-02 8.214119132480960279e-40
6.871999999999998943e-02 8.257204762153137095e-40
6.873999999999999555e-02 8.300427973051072892e-40
6.875999999999998780e-02 8.343788946466561080e-40
6.877999999999999392e-02 8.387287863522988385e-40
6.879999999999998617e-02 8.430924905172765500e-40
6.881999999999999229e-02 8.474700252195312408e-40
6.883999999999998454e-02 8.518614085194433567e-40
6.885999999999999066e-02 8.562666584596337492e-40
6.887999999999999678e-02 8.606857930647085350e-40
6.889999999999998903e-02 8.651188303410313636e-40
6.891999999999999515e-02 8.695657882765066137e-40
6.893999999999998740e-02 8.740266848403177289e-40
6.895999999999999353e-02 8.785015379827267270e-40
6.897999999999998577e-02 8.829903656348055214e-40
6.899999999999999190e-02 8.874931857082342886e-40
6.901999999999998414e-02 8.920100160950322997e-40
6.903999999999999027e-02 8.965408746673593879e-40
6.905999999999999639e-02 9.010857792772420488e-40
6.907999999999998864e-02 9.056447477563554954e-40
6.909999999999999476e-02 9.102177979157941302e-40
6.911999999999998701e-02 9.148049475458067815e-40
6.913999999999999313e-02 9.194062144155901769e-40
6.915999999999998538e-02 9.240216162730142285e-40
6.917999999999999150e-02 9.286511708444192587e-40
6.919999999999998375e-02 9.332948958343350860e-40
6.921999999999998987e-02 9.379528089252852658e-40
6.923999999999999599e-02 9.426249277775006297e-40
6.925999999999998824e-02 9.473112700287013402e-40
6.927999999999999436e-02 9.520118532938616534e-40
6.929999999999998661e-02 9.567266951649368351e-40
6.931999999999999273e-02 9.614558132106553299e-40
6.933999999999998498e-02 9.661992249762362154e-40
6.935999999999999110e-02 9.709569479831867549e-40
6.937999999999999723e-02 9.757289997290128364e-40
6.939999999999998948e-02 9.805153976870044540e-40
6.941999999999999560e-02 9.853161593059748583e-40
6.943999999999998785e-02 9.901313020100194466e-40
6.945999999999999397e-02 9.949608431982620918e-40
6.947999999999998622e-02 9.998048002446109324e-40
6.949999999999999234e-02 1.004663190497507475e-39
6.951999999999998459e-02 1.009536031279682386e-39
6.953999999999999071e-02 1.014423339887895943e-39
6.955999999999999683e-02 1.019325133592697094e-39
6.957999999999998908e-02 1.024241429638159344e-39
6.959999999999999520e-02 1.029172245241654158e-39
6.961999999999998745e-02 1.034117597593564020e-39
6.963999999999999357e-02 1.039077503857067582e-39
6.965999999999998582e-02 1.044051981167846839e-39
6.967999999999999194e-02 1.049041046633879793e-39
6.969999999999998419e-02 1.054044717335135555e-39
6.971999999999999031e-02 1.059063010323365534e-39
6.973999999999999644e-02 1.064095942621814207e-39
6.975999999999998868e-02 1.069143531224978494e-39
6.977999999999999481e-02 1.074205793098361756e-39
6.979999999999998705e-02 1.079282745178188966e-39
6.981999999999999318e-02 1.084374404371182728e-39
6.983999999999998542e-02 1.089480787554274693e-39
6.985999999999999155e-02 1.094601911574377339e-39
6.987999999999998380e-02 1.099737793248089680e-39
6.989999999999998992e-02 1.104888449361480786e-39
6.991999999999999604e-02 1.110053896669791253e-39
6.993999999999998829e-02 1.115234151897189158e-39
6.995999999999999441e-02 1.120429231736525192e-39
6.997999999999998666e-02 1.125639152849034947e-39
6.999999999999999278e-02 1.130863931864123253e-39
7.001999999999998503e-02 1.136103585379051291e-39
7.003999999999999115e-02 1.141358129958723705e-39
7.005999999999999728e-02 1.146627582135385661e-39
7.007999999999998952e-02 1.151911958408375870e-39
7.009999999999999565e-02 1.157211275243877480e-39
7.011999999999998789e-02 1.162525549074619545e-39
7.013999999999999402e-02 1.167854796299650434e-39
7.015999999999998626e-02 1.173199033284031631e-39
7.017999999999999239e-02 1.178558276358618975e-39
7.019999999999998463e-02 1.183932541819745689e-39
7.021999999999999076e-02 1.189321845929002648e-39
7.023999999999999688e-02 1.194726204912933476e-39
7.025999999999998913e-02 1.200145634962784796e-39
7.027999999999999525e-02 1.205580152234249294e-39
7.029999999999998750e-02 1.211029772847164085e-39
7.031999999999999362e-02 1.216494512885285921e-39
7.033999999999998587e-02 1.221974388395970791e-39
7.035999999999999199e-02 1.227469415389956312e-39
7.037999999999998424e-02 1.232979609841041980e-39
7.039999999999999036e-02 1.238504987685865194e-39
7.041999999999999649e-02 1.244045564823589181e-39
7.043999999999998873e-02 1.249601357115652589e-39
7.045999999999999486e-02 1.255172380385507171e-39
7.047999999999998710e-02 1.260758650418309786e-39
7.049999999999999323e-02 1.266360182960700543e-39
7.051999999999998547e-02 1.271976993720471639e-39
7.053999999999999160e-02 1.277609098366347132e-39
7.055999999999998384e-02 1.283256512527664996e-39
7.057999999999998997e-02 1.288919251794139760e-39
7.059999999999999609e-02 1.294597331715553211e-39
7.061999999999998834e-02 1.300290767801504474e-39
7.063999999999999446e-02 1.305999575521128609e-39
7.065999999999998671e-02 1.311723770302809985e-39
7.067999999999999283e-02 1.317463367533915889e-39
7.069999999999998508e-02 1.323218382560515442e-39
7.071999999999999120e-02 1.328988830687103258e-39
7.073999999999999733e-02 1.334774727176324236e-39
7.075999999999998957e-02 1.340576087248683348e-39
7.077999999999999570e-02 1.346392926082289359e-39
7.079999999999998794e-02 1.352225258812550909e-39
7.081999999999999407e-02 1.358073100531922190e-39
7.083999999999998631e-02 1.363936466289591688e-39
7.085999999999999244e-02 1.369815371091240913e-39
7.087999999999998468e-02 1.375709829898724329e-39
7.089999999999999081e-02 1.381619857629819601e-39
7.091999999999999693e-02 1.387545469157931342e-39
7.093999999999998918e-02 1.393486679311802539e-39
7.095999999999999530e-02 1.399443502875265440e-39
7.097999999999998755e-02 1.405415954586908608e-39
7.099999999999999367e-02 1.411404049139845105e-39
7.101999999999998592e-02 1.417407801181384761e-39
7.103999999999999204e-02 1.423427225312793553e-39
7.105999999999998429e-02 1.429462336088964892e-39
7.107999999999999041e-02 1.435513148018182101e-39
7.109999999999999654e-02 1.441579675561791991e-39
7.111999999999998878e-02 1.447661933133945963e-39
7.113999999999999491e-02 1.453759935101312575e-39
7.115999999999998715e-02 1.459873695782772805e-39
7.117999999999999328e-02 1.466003229449167850e-39
7.119999999999998552e-02 1.472148550322970906e-39
7.121999999999999165e-02 1.478309672578045562e-39
7.123999999999998389e-02 1.484486610339314647e-39
7.125999999999999002e-02 1.490679377682514388e-39
7.127999999999999614e-02 1.496887988633878092e-39
7.129999999999998839e-02 1.503112457169850668e-39
7.131999999999999451e-02 1.509352797216825655e-39
7.133999999999998676e-02 1.515609022650816350e-39
7.135999999999999288e-02 1.521881147297213388e-39
7.137999999999998513e-02 1.528169184930447386e-39
7.139999999999999125e-02 1.534473149273745878e-39
7.141999999999999738e-02 1.540793053998805087e-39
7.143999999999998962e-02 1.547128912725516521e-39
7.145999999999999575e-02 1.553480739021695186e-39
7.147999999999998799e-02 1.559848546402745500e-39
7.149999999999999412e-02 1.566232348331418544e-39
7.151999999999998636e-02 1.572632158217473074e-39
7.153999999999999249e-02 1.579047989417435394e-39
7.155999999999998473e-02 1.585479855234253836e-39
7.157999999999999086e-02 1.591927768917057652e-39
7.159999999999999698e-02 1.598391743660828467e-39
7.161999999999998923e-02 1.604871792606113813e-39
7.163999999999999535e-02 1.611367928838761556e-39
7.165999999999998760e-02 1.617880165389579268e-39
7.167999999999999372e-02 1.624408515234095406e-39
7.169999999999998597e-02 1.630952991292210858e-39
7.171999999999999209e-02 1.637513606427956530e-39
7.173999999999998434e-02 1.644090373449148481e-39
7.175999999999999046e-02 1.650683305107150731e-39
7.177999999999999658e-02 1.657292414096522893e-39
7.179999999999998883e-02 1.663917713054763729e-39
7.181999999999999496e-02 1.670559214562004134e-39
7.183999999999998720e-02 1.677216931140707950e-39
7.185999999999999333e-02 1.683890875255385835e-39
7.187999999999998557e-02 1.690581059312288567e-39
7.189999999999999170e-02 1.697287495659117982e-39
7.191999999999998394e-02 1.704010196584733001e-39
7.193999999999999007e-02 1.710749174318843923e-39
7.195999999999999619e-02 1.717504441031726292e-39
7.197999999999998844e-02 1.724276008833905393e-39
7.199999999999999456e-02 1.731063889775893941e-39
7.201999999999998681e-02 1.737868095847847543e-39
7.203999999999999293e-02 1.744688638979320975e-39
7.205999999999998518e-02 1.751525531038911903e-39
7.207999999999999130e-02 1.758378783834017163e-39
7.209999999999998355e-02 1.765248409110497359e-39
7.211999999999998967e-02 1.772134418552394646e-39
7.213999999999999579e-02 1.779036823781633541e-39
7.215999999999998804e-02 1.785955636357709017e-39
7.217999999999999416e-02 1.792890867777416027e-39
7.219999999999998641e-02 1.799842529474509209e-39
7.221999999999999253e-02 1.806810632819449709e-39
7.223999999999998478e-02 1.813795189119063573e-39
7.225999999999999091e-02 1.820796209616278785e-39
7.227999999999999703e-02 1.827813705489791492e-39
7.229999999999998928e-02 1.834847687853782485e-39
7.231999999999999540e-02 1.841898167757634648e-39
7.233999999999998765e-02 1.848965156185590708e-39
7.235999999999999377e-02 1.856048664056498097e-39
7.237999999999998602e-02 1.863148702223463435e-39
7.239999999999999214e-02 1.870265281473603917e-39
7.241999999999998439e-02 1.877398412527687116e-39
7.243999999999999051e-02 1.884548106039887915e-39
7.245999999999999663e-02 1.891714372597437120e-39
7.247999999999998888e-02 1.898897222720346744e-39
7.249999999999999500e-02 1.906096666861119957e-39
7.251999999999998725e-02 1.913312715404408836e-39
7.253999999999999337e-02 1.920545378666761833e-39
7.255999999999998562e-02 1.927794666896275977e-39
7.257999999999999174e-02 1.935060590272337168e-39
7.259999999999998399e-02 1.942343158905272377e-39
7.261999999999999011e-02 1.949642382836098748e-39
7.263999999999999624e-02 1.956958272036173192e-39
7.265999999999998848e-02 1.964290836406913426e-39
7.267999999999999461e-02 1.971640085779510208e-39
7.269999999999998685e-02 1.979006029914580846e-39
7.271999999999999298e-02 1.986388678501925477e-39
7.273999999999998523e-02 1.993788041160157732e-39
7.275999999999999135e-02 2.001204127436467543e-39
7.277999999999998360e-02 2.008636946806254749e-39
7.279999999999998972e-02 2.016086508672887005e-39
7.281999999999999584e-02 2.023552822367348069e-39
7.283999999999998809e-02 2.031035897147951012e-39
7.285999999999999421e-02 2.038535742200055025e-39
7.287999999999998646e-02 2.046052366635728057e-39
7.289999999999999258e-02 2.053585779493474711e-39
7.291999999999998483e-02 2.061135989737892686e-39
7.293999999999999095e-02 2.068703006259426775e-39
7.295999999999999708e-02 2.076286837873999855e-39
7.297999999999998932e-02 2.083887493322761016e-39
7.299999999999999545e-02 2.091504981271759290e-39
7.301999999999998769e-02 2.099139310311635007e-39
7.303999999999999382e-02 2.106790488957334642e-39
7.305999999999998606e-02 2.114458525647788457e-39
7.307999999999999219e-02 2.122143428745616218e-39
7.309999999999998443e-02 2.129845206536818218e-39
7.311999999999999056e-02 2.137563867230477724e-39
7.313999999999999668e-02 2.145299418958452979e-39
7.315999999999998893e-02 2.153051869775062363e-39
7.317999999999999505e-02 2.160821227656811630e-39
7.319999999999998730e-02 2.168607500502050027e-39
7.321999999999999342e-02 2.176410696130703732e-39
7.323999999999998567e-02 2.184230822283932629e-39
7.325999999999999179e-02 2.192067886623863088e-39
7.327999999999998404e-02 2.199921896733260405e-39
7.329999999999999016e-02 2.207792860115235807e-39
7.331999999999999629e-02 2.215680784192940421e-39
7.333999999999998853e-02 2.223585676309242595e-39
7.335999999999999466e-02 2.231507543726473410e-39
7.337999999999998690e-02 2.239446393626055394e-39
7.339999999999999303e-02 2.247402233108258799e-39
7.341999999999998527e-02 2.255375069191850866e-39
7.343999999999999140e-02 2.263364908813834814e-39
7.345999999999998364e-02 2.271371758829098453e-39
7.347999999999998977e-02 2.279395626010163934e-39
7.349999999999999589e-02 2.287436517046828538e-39
7.351999999999998814e-02 2.295494438545899743e-39
7.353999999999999426e-02 2.303569397030893104e-39
7.355999999999998651e-02 2.311661398941685436e-39
7.357999999999999263e-02 2.319770450634272066e-39
7.359999999999998488e-02 2.327896558380401751e-39
7.361999999999999100e-02 2.336039728367333602e-39
7.363999999999999713e-02 2.344199966697480481e-39
7.365999999999998937e-02 2.352377279388127435e-39
7.367999999999999550e-02 2.360571672371155018e-39
7.369999999999998774e-02 2.368783151492679751e-39
7.371999999999999387e-02 2.377011722512808444e-39
7.373999999999998611e-02 2.385257391105277997e-39
7.375999999999999224e-02 2.393520162857215923e-39
7.377999999999998448e-02 2.401800043268773952e-39
7.379999999999999061e-02 2.410097037752883658e-39
7.381999999999999673e-02 2.418411151634899850e-39
7.383999999999998898e-02 2.426742390152334670e-39
7.385999999999999510e-02 2.435090758454556770e-39
7.387999999999998735e-02 2.443456261602448088e-39
7.389999999999999347e-02 2.451838904568161751e-39
7.391999999999998572e-02 2.460238692234756342e-39
7.393999999999999184e-02 2.468655629395956086e-39
7.395999999999998409e-02 2.477089720755789351e-39
7.397999999999999021e-02 2.485540970928342973e-39
7.399999999999999634e-02 2.494009384437417391e-39
7.401999999999998858e-02 2.502494965716236271e-39
7.403999999999999471e-02 2.510997719107174727e-39
7.405999999999998695e-02 2.519517648861401410e-39
7.407999999999999308e-02 2.528054759138643269e-39
7.409999999999998532e-02 2.536609054006817522e-39
7.411999999999999145e-02 2.545180537441798056e-39
7.413999999999998369e-02 2.553769213327046088e-39
7.415999999999998982e-02 2.562375085453385373e-39
7.417999999999999594e-02 2.570998157518627324e-39
7.419999999999998819e-02 2.579638433127321416e-39
7.421999999999999431e-02 2.588295915790437409e-39
7.423999999999998656e-02 2.596970608925064855e-39
7.425999999999999268e-02 2.605662515854120436e-39
7.427999999999998493e-02 2.614371639806039322e-39
7.429999999999999105e-02 2.623097983914483158e-39
7.431999999999999718e-02 2.631841551218050999e-39
7.433999999999998942e-02 2.640602344659941621e-39
7.435999999999999555e-02 2.649380367087715021e-39
7.437999999999998779e-02 2.658175621252929614e-39
7.439999999999999392e-02 2.666988109810907319e-39
7.441999999999998616e-02 2.675817835320376299e-39
7.443999999999999229e-02 2.684664800243218105e-39
7.445999999999998453e-02 2.693529006944144675e-39
7.447999999999999066e-02 2.702410457690421333e-39
7.449999999999999678e-02 2.711309154651550315e-39
7.451999999999998903e-02 2.720225099898973862e-39
7.453999999999999515e-02 2.729158295405806035e-39
7.455999999999998740e-02 2.738108743046495030e-39
7.457999999999999352e-02 2.747076444596572603e-39
7.459999999999998577e-02 2.756061401732302685e-39
7.461999999999999189e-02 2.765063616030457891e-39
7.463999999999998414e-02 2.774083088967942028e-39
7.465999999999999026e-02 2.783119821921576721e-39
7.467999999999999639e-02 2.792173816167735341e-39
7.469999999999998863e-02 2.801245072882086888e-39
7.471999999999999476e-02 2.810333593139319971e-39
7.473999999999998700e-02 2.819439377912786850e-39
7.475999999999999313e-02 2.828562428074282884e-39
7.477999999999998537e-02 2.837702744393684050e-39
7.479999999999999150e-02 2.846860327538727037e-39
7.481999999999998374e-02 2.856035178074635349e-39
7.483999999999998987e-02 2.865227296463906255e-39
7.485999999999999599e-02 2.874436683065955482e-39
7.487999999999998824e-02 2.883663338136854574e-39
7.489999999999999436e-02 2.892907261829055198e-39
7.491999999999998661e-02 2.902168454191048850e-39
7.493999999999999273e-02 2.911446915167140098e-39
7.495999999999998498e-02 2.920742644597091608e-39
7.497999999999999110e-02 2.930055642215895431e-39
7.499999999999998335e-02 2.939385907653415091e-39
7.501999999999998947e-02 2.948733440434170900e-39
7.503999999999999559e-02 2.958098239976991837e-39
7.505999999999998784e-02 2.967480305594737891e-39
7.507999999999999396e-02 2.976879636494057980e-39
7.509999999999998621e-02 2.986296231775025176e-39
7.511999999999999234e-02 2.995730090430928557e-39
7.513999999999998458e-02 3.005181211347912355e-39
7.515999999999999071e-02 3.014649593304752786e-39
7.517999999999999683e-02 3.024135234972522004e-39
7.519999999999998908e-02 3.033638134914319254e-39
7.521999999999999520e-02 3.043158291585013775e-39
7.523999999999998745e-02 3.052695703330900919e-39
7.525999999999999357e-02 3.062250368389478331e-39
7.527999999999998582e-02 3.071822284889111200e-39
7.529999999999999194e-02 3.081411450848792132e-39
7.531999999999998419e-02 3.091017864177800524e-39
7.533999999999999031e-02 3.100641522675491148e-39
7.535999999999999643e-02 3.110282424030938519e-39
7.537999999999998868e-02 3.119940565822713080e-39
7.539999999999999480e-02 3.129615945518564068e-39
7.541999999999998705e-02 3.139308560475144152e-39
7.543999999999999317e-02 3.149018407937743849e-39
7.545999999999998542e-02 3.158745485039989401e-39
7.547999999999999154e-02 3.168489788803575242e-39
7.549999999999998379e-02 3.178251316137972967e-39
7.551999999999998991e-02 3.188030063840169667e-39
7.553999999999999604e-02 3.197826028594374292e-39
7.555999999999998828e-02 3.207639206971718788e-39
7.557999999999999441e-02 3.217469595430055819e-39
7.559999999999998666e-02 3.227317190313577684e-39
7.561999999999999278e-02 3.237181987852610771e-39
7.563999999999998503e-02 3.247063984163318657e-39
7.565999999999999115e-02 3.256963175247416951e-39
7.567999999999998340e-02 3.266879556991912283e-39
7.569999999999998952e-02 3.276813125168812579e-39
7.571999999999999564e-02 3.286763875434865396e-39
7.573999999999998789e-02 3.296731803331258414e-39
7.575999999999999401e-02 3.306716904283402140e-39
7.577999999999998626e-02 3.316719173600571015e-39
7.579999999999999238e-02 3.326738606475716795e-39
7.581999999999998463e-02 3.336775197985121401e-39
7.583999999999999075e-02 3.346828943088195942e-39
7.585999999999999688e-02 3.356899836627145312e-39
7.587999999999998912e-02 3.366987873326718272e-39
7.589999999999999525e-02 3.377093047793986896e-39
7.591999999999998749e-02 3.387215354517983761e-39
7.593999999999999362e-02 3.397354787869519243e-39
7.595999999999998586e-02 3.407511342100841543e-39
7.597999999999999199e-02 3.417685011345439627e-39
7.599999999999998423e-02 3.427875789617698036e-39
7.601999999999999036e-02 3.438083670812708307e-39
7.603999999999999648e-02 3.448308648705935523e-39
7.605999999999998873e-02 3.458550716952973624e-39
7.607999999999999485e-02 3.468809869089329410e-39
7.609999999999998710e-02 3.479086098530060394e-39
7.611999999999999322e-02 3.489379398569609707e-39
7.613999999999998547e-02 3.499689762381455692e-39
7.615999999999999159e-02 3.510017183017929846e-39
7.617999999999998384e-02 3.520361653409870979e-39
7.619999999999998996e-02 3.530723166366449033e-39
7.621999999999999609e-02 3.541101714574823806e-39
7.623999999999998833e-02 3.551497290599932229e-39
7.625999999999999446e-02 3.561909886884236488e-39
7.627999999999998670e-02 3.572339495747402979e-39
7.629999999999999283e-02 3.582786109386123516e-39
7.631999999999998507e-02 3.593249719873783190e-39
7.633999999999999120e-02 3.603730319160269836e-39
7.635999999999998344e-02 3.614227899071640581e-39
7.637999999999998957e-02 3.624742451309962636e-39
7.639999999999999569e-02 3.635273967452943957e-39
7.641999999999998794e-02 3.645822438953775337e-39
7.643999999999999406e-02 3.656387857140819146e-39
7.645999999999998631e-02 3.666970213217365284e-39
7.647999999999999243e-02 3.677569498261422376e-39
7.649999999999998468e-02 3.688185703225364749e-39
7.651999999999999080e-02 3.698818818935807145e-39
7.653999999999999693e-02 3.709468836093230826e-39
7.655999999999998917e-02 3.720135745271828267e-39
7.657999999999999530e-02 3.730819536919195165e-39
7.659999999999998754e-02 3.741520201356109228e-39
7.661999999999999367e-02 3.752237728776259379e-39
7.663999999999998591e-02 3.762972109246032374e-39
7.665999999999999204e-02 3.773723332704225692e-39
7.667999999999998428e-02 3.784491388961817189e-39
7.669999999999999041e-02 3.795276267701724969e-39
7.671999999999999653e-02 3.806077958478559423e-39
7.673999999999998878e-02 3.816896450718348511e-39
7.675999999999999490e-02 3.827731733718375284e-39
7.677999999999998715e-02 3.838583796646807245e-39
7.679999999999999327e-02 3.849452628542593252e-39
7.681999999999998552e-02 3.860338218315112452e-39
7.683999999999999164e-02 3.871240554743987011e-39
7.685999999999998389e-02 3.882159626478834146e-39
7.687999999999999001e-02 3.893095422039007728e-39
7.689999999999999614e-02 3.904047929813393385e-39
7.691999999999998838e-02 3.915017138060108991e-39
7.693999999999999451e-02 3.926003034906360455e-39
7.695999999999998675e-02 3.937005608348112849e-39
7.697999999999999288e-02 3.948024846249910961e-39
7.699999999999998512e-02 3.959060736344616976e-39
7.701999999999999125e-02 3.970113266233187965e-39
7.703999999999998349e-02 3.981182423384437058e-39
7.705999999999998962e-02 3.992268195134810931e-39
7.707999999999999574e-02 4.003370568688142498e-39
7.709999999999998799e-02 4.014489531115397728e-39
7.711999999999999411e-02 4.025625069354529478e-39
7.713999999999998636e-02 4.036777170210147316e-39
7.715999999999999248e-02 4.047945820353347857e-39
7.717999999999998473e-02 4.059131006321457671e-39
7.719999999999999085e-02 4.070332714517836217e-39
7.721999999999998310e-02 4.081550931211611568e-39
7.723999999999998922e-02 4.092785642537484000e-39
7.725999999999999535e-02 4.104036834495491080e-39
7.727999999999998759e-02 4.115304492950771453e-39
7.729999999999999372e-02 4.126588603633366466e-39
7.731999999999998596e-02 4.137889152137967649e-39
7.733999999999999209e-02 4.149206123923724859e-39
7.735999999999998433e-02 4.160539504313995066e-39
7.737999999999999046e-02 4.171889278496151157e-39
7.739999999999999658e-02 4.183255431521347025e-39
7.741999999999998883e-02 4.194637948304268302e-39
7.743999999999999495e-02 4.206036813623003161e-39
7.745999999999998720e-02 4.217452012118721919e-39
7.747999999999999332e-02 4.228883528295530876e-39
7.749999999999998557e-02 4.240331346520219127e-39
7.751999999999999169e-02 4.251795451022076509e-39
7.753999999999998394e-02 4.263275825892641072e-39
7.755999999999999006e-02 4.274772455085526813e-39
7.757999999999999619e-02 4.286285322416182233e-39
7.759999999999998843e-02 4.297814411561686754e-39
7.761999999999999456e-02 4.309359706060556264e-39
7.763999999999998680e-02 4.320921189312510811e-39
7.765999999999999293e-02 4.332498844578282767e-39
7.767999999999998517e-02 4.344092654979395614e-39
7.769999999999999130e-02 4.355702603497977975e-39
7.771999999999998354e-02 4.367328672976524135e-39
7.773999999999998967e-02 4.378970846117756358e-39
7.775999999999999579e-02 4.390629105484314282e-39
7.777999999999998804e-02 4.402303433498655732e-39
7.779999999999999416e-02 4.413993812442800282e-39
7.781999999999998641e-02 4.425700224458134792e-39
7.783999999999999253e-02 4.437422651545233317e-39
7.785999999999998478e-02 4.449161075563625455e-39
7.787999999999999090e-02 4.460915478231626037e-39
7.789999999999998315e-02 4.472685841126135456e-39
7.791999999999998927e-02 4.484472145682432155e-39
7.793999999999999539e-02 4.496274373193959257e-39
7.795999999999998764e-02 4.508092504812175132e-39
7.797999999999999376e-02 4.519926521546334800e-39
7.799999999999998601e-02 4.531776404263290256e-39
7.801999999999999214e-02 4.543642133687314287e-39
7.803999999999998438e-02 4.555523690399892317e-39
7.805999999999999051e-02 4.567421054839567753e-39
7.807999999999999663e-02 4.579334207301716213e-39
7.809999999999998888e-02 4.591263127938344546e-39
7.811999999999999500e-02 4.603207796757989688e-39
7.813999999999998725e-02 4.615168193625398924e-39
7.815999999999999337e-02 4.627144298261505744e-39
7.817999999999998562e-02 4.639136090243070950e-39
7.819999999999999174e-02 4.651143549002666998e-39
7.821999999999998399e-02 4.663166653828371305e-39
7.823999999999999011e-02 4.675205383863654016e-39
7.825999999999999623e-02 4.687259718107175068e-39
7.827999999999998848e-02 4.699329635412573421e-39
7.829999999999999460e-02 4.711415114488396583e-39
7.831999999999998685e-02 4.723516133897766520e-39
7.833999999999999297e-02 4.735632672058369861e-39
7.835999999999998522e-02 4.747764707242123157e-39
7.837999999999999134e-02 4.759912217575146120e-39
7.839999999999998359e-02 4.772075181037482347e-39
7.841999999999998971e-02 4.784253575462977943e-39
7.843999999999999584e-02 4.796447378539105996e-39
7.845999999999998809e-02 4.808656567806754501e-39
7.847999999999999421e-02 4.820881120660166978e-39
7.849999999999998646e-02 4.833121014346613604e-39
7.851999999999999258e-02 4.845376225966399688e-39
7.853999999999998483e-02 4.857646732472553112e-39
7.855999999999999095e-02 4.869932510670752554e-39
7.857999999999998320e-02 4.882233537219123245e-39
7.859999999999998932e-02 4.894549788628092106e-39
7.861999999999999544e-02 4.906881241260225921e-39
7.863999999999998769e-02 4.919227871330027750e-39
7.865999999999999381e-02 4.931589654903887984e-39
7.867999999999998606e-02 4.943966567899778966e-39
7.869999999999999218e-02 4.956358586087239981e-39
7.871999999999998443e-02 4.968765685087115590e-39
7.873999999999999055e-02 4.981187840371463624e-39
7.875999999999999668e-02 4.993625027263380307e-39
7.877999999999998892e-02 5.006077220936815588e-39
7.879999999999999505e-02 5.018544396416526160e-39
7.881999999999998729e-02 5.031026528577772685e-39
7.883999999999999342e-02 5.043523592146331541e-39
7.885999999999998566e-02 5.056035561698210319e-39
7.887999999999999179e-02 5.068562411659600184e-39
7.889999999999998403e-02 5.081104116306665113e-39
7.891999999999999016e-02 5.093660649765444012e-39
7.893999999999999628e-02 5.106231986011671926e-39
7.895999999999998853e-02 5.118818098870663885e-39
7.897999999999999465e-02 5.131418962017167432e-39
7.899999999999998690e-02 5.144034548975202758e-39
7.901999999999999302e-02 5.156664833117964816e-39
7.903999999999998527e-02 5.169309787667641923e-39
7.905999999999999139e-02 5.181969385695315266e-39
7.907999999999998364e-02 5.194643600120810129e-39
7.909999999999998976e-02 5.207332403712550374e-39
7.911999999999999589e-02 5.220035769087444905e-39
7.913999999999998813e-02 5.232753668710749331e-39
7.915999999999999426e-02 5.245486074895929584e-39
7.917999999999998650e-02 5.258232959804547728e-39
7.919999999999999263e-02 5.270994295446120363e-39
7.921999999999998487e-02 5.283770053677990724e-39
7.923999999999999100e-02 5.296560206205222320e-39
7.925999999999998324e-02 5.309364724580450159e-39
7.927999999999998937e-02 5.322183580203776995e-39
7.929999999999999549e-02 5.335016744322644125e-39
7.931999999999998774e-02 5.347864188031693054e-39
7.933999999999999386e-02 5.360725882272715251e-39
7.935999999999998611e-02 5.373601797834404839e-39
7.937999999999999223e-02 5.386491905352405576e-39
7.939999999999998448e-02 5.399396175309021787e-39
7.941999999999999060e-02 5.412314578033281656e-39
7.943999999999998285e-02 5.425247083700648810e-39
7.945999999999998897e-02 5.438193662333075174e-39
7.947999999999999510e-02 5.451154283798745829e-39
7.949999999999998734e-02 5.464128917812055524e-39
7.951999999999999347e-02 5.477117533933525152e-39
7.953999999999998571e-02 5.490120101569562266e-39
7.955999999999999184e-02 5.503136589972534824e-39
7.957999999999998408e-02 5.516166968240489941e-39
7.959999999999999021e-02 5.529211205317215228e-39
7.961999999999999633e-02 5.542269269991998665e-39
7.963999999999998858e-02 5.555341130899591401e-39
7.965999999999999470e-02 5.568426756520161431e-39
7.967999999999998695e-02 5.581526115179052152e-39
7.969999999999999307e-02 5.594639175046854800e-39
7.971999999999998532e-02 5.607765904139153308e-39
7.973999999999999144e-02 5.620906270316585643e-39
7.975999999999998369e-02 5.634060241284583451e-39
7.977999999999998981e-02 5.647227784593465362e-39
7.979999999999999594e-02 5.660408867638168805e-39
7.981999999999998818e-02 5.673603457658271540e-39
7.983999999999999431e-02 5.686811521737915311e-39
7.985999999999998655e-02 5.700033026805598997e-39
7.987999999999999268e-02 5.713267939634264088e-39
7.989999999999998492e-02 5.726516226841029764e-39
7.991999999999999105e-02 5.739777854887296642e-39
7.993999999999998329e-02 5.753052790078479241e-39
7.995999999999998942e-02 5.766340998564089508e-39
7.997999999999999554e-02 5.779642446337564545e-39
7.999999999999998779e-02 5.792957099236175911e-39
8.001999999999999391e-02 5.806284922941061595e-39
8.003999999999998616e-02 5.819625882976999586e-39
8.005999999999999228e-02 5.832979944712500537e-39
8.007999999999998453e-02 5.846347073359565671e-39
8.009999999999999065e-02 5.859727233973786622e-39
8.011999999999998290e-02 5.873120391454106607e-39
8.013999999999998902e-02 5.886526510542917652e-39
8.015999999999999515e-02 5.899945555825876582e-39
8.017999999999998739e-02 5.913377491731846942e-39
8.019999999999999352e-02 5.926822282532953160e-39
8.021999999999998576e-02 5.940279892344333887e-39
8.023999999999999189e-02 5.953750285124275117e-39
8.025999999999998413e-02 5.967233424673958309e-39
8.027999999999999026e-02 5.980729274637593501e-39
8.029999999999999638e-02 5.994237798502222249e-39
8.031999999999998863e-02 6.007758959597684998e-39
8.033999999999999475e-02 6.021292721096661541e-39
8.035999999999998700e-02 6.034839046014467427e-39
8.037999999999999312e-02 6.048397897209171421e-39
8.039999999999998537e-02 6.061969237381373637e-39
8.041999999999999149e-02 6.075553029074321693e-39
8.043999999999998374e-02 6.089149234673711038e-39
8.045999999999998986e-02 6.102757816407780215e-39
8.047999999999999599e-02 6.116378736347172533e-39
8.049999999999998823e-02 6.130011956404885162e-39
8.051999999999999436e-02 6.143657438336348747e-39
8.053999999999998660e-02 6.157315143739210764e-39
8.055999999999999273e-02 6.170985034053479082e-39
8.057999999999998497e-02 6.184667070561305314e-39
8.059999999999999110e-02 6.198361214387128386e-39
8.061999999999998334e-02 6.212067426497495730e-39
8.063999999999998947e-02 6.225785667701110279e-39
8.065999999999999559e-02 6.239515898648774340e-39
8.067999999999998784e-02 6.253258079833338699e-39
8.069999999999999396e-02 6.267012171589758744e-39
8.071999999999998621e-02 6.280778134094927410e-39
8.073999999999999233e-02 6.294555927367817432e-39
8.075999999999998458e-02 6.308345511269284286e-39
8.077999999999999070e-02 6.322146845502204519e-39
8.079999999999998295e-02 6.335959889611338722e-39
8.081999999999998907e-02 6.349784602983362848e-39
8.083999999999999519e-02 6.363620944846844726e-39
8.085999999999998744e-02 6.377468874272224477e-39
8.087999999999999357e-02 6.391328350171801473e-39
8.089999999999998581e-02 6.405199331299714754e-39
8.091999999999999194e-02 6.419081776251928674e-39
8.093999999999998418e-02 6.432975643466266834e-39
8.095999999999999031e-02 6.446880891222299848e-39
8.097999999999999643e-02 6.460797477641484978e-39
8.099999999999998868e-02 6.474725360686991265e-39
8.101999999999999480e-02 6.488664498163874399e-39
8.103999999999998705e-02 6.502614847718892711e-39
8.105999999999999317e-02 6.516576366840676828e-39
8.107999999999998542e-02 6.530549012859571761e-39
8.109999999999999154e-02 6.544532742947789600e-39
8.111999999999998379e-02 6.558527514119289442e-39
8.113999999999998991e-02 6.572533283229820466e-39
8.115999999999999603e-02 6.586550006976996314e-39
8.117999999999998828e-02 6.600577641900171116e-39
8.119999999999999440e-02 6.614616144380600010e-39
8.121999999999998665e-02 6.628665470641289059e-39
8.123999999999999277e-02 6.642725576747163606e-39
8.125999999999998502e-02 6.656796418604966478e-39
8.127999999999999114e-02 6.670877951963329763e-39
8.129999999999998339e-02 6.684970132412772205e-39
8.131999999999998952e-02 6.699072915385720079e-39
8.133999999999999564e-02 6.713186256156555481e-39
8.135999999999998789e-02 6.727310109841549770e-39
8.137999999999999401e-02 6.741444431399043665e-39
8.139999999999998626e-02 6.755589175629271065e-39
8.141999999999999238e-02 6.769744297174583516e-39
8.143999999999998463e-02 6.783909750519328840e-39
8.145999999999999075e-02 6.798085489989964679e-39
8.147999999999998300e-02 6.812271469755038918e-39
8.149999999999998912e-02 6.826467643825265374e-39
8.151999999999999524e-02 6.840673966053542074e-39
8.153999999999998749e-02 6.854890390134932977e-39
8.155999999999999361e-02 6.869116869606825894e-39
8.157999999999998586e-02 6.883353357848846346e-39
8.159999999999999198e-02 6.897599808082982856e-39
8.161999999999998423e-02 6.911856173373563455e-39
8.163999999999999035e-02 6.926122406627367918e-39
8.165999999999999648e-02 6.940398460593619933e-39
8.167999999999998872e-02 6.954684287864023645e-39
8.169999999999999485e-02 6.968979840872908512e-39
8.171999999999998709e-02 6.983285071897124909e-39
8.173999999999999322e-02 6.997599933056259454e-39
8.175999999999998546e-02 7.011924376312552797e-39
8.177999999999999159e-02 7.026258353471039254e-39
8.179999999999998384e-02 7.040601816179552034e-39
8.181999999999998996e-02 7.054954715928827640e-39
8.183999999999999608e-02 7.069317004052531970e-39
8.185999999999998833e-02 7.083688631727290337e-39
8.187999999999999445e-02 7.098069549972866258e-39
8.189999999999998670e-02 7.112459709652077932e-39
8.191999999999999282e-02 7.126859061470986169e-39
8.193999999999998507e-02 7.141267555978869595e-39
8.195999999999999119e-02 7.155685143568366901e-39
8.197999999999998344e-02 7.170111774475491199e-39
8.199999999999998956e-02 7.184547398779746175e-39
8.201999999999999569e-02 7.198991966404179594e-39
8.203999999999998793e-02 7.213445427115414623e-39
8.205999999999999406e-02 7.227907730523846893e-39
8.207999999999998630e-02 7.242378826083594910e-39
8.209999999999999243e-02 7.256858663092654049e-39
8.211999999999998467e-02 7.271347190692951369e-39
8.213999999999999080e-02 7.285844357870440880e-39
8.215999999999998304e-02 7.300350113455181850e-39
8.217999999999998917e-02 7.314864406121437985e-39
8.219999999999999529e-02 7.329387184387743992e-39
8.221999999999998754e-02 7.343918396617013896e-39
8.223999999999999366e-02 7.358457991016631090e-39
8.225999999999998591e-02 7.373005915638538384e-39
8.227999999999999203e-02 7.387562118379330664e-39
8.229999999999998428e-02 7.402126546980354080e-39
8.231999999999999040e-02 7.416699149027816969e-39
8.233999999999998265e-02 7.431279871952856421e-39
8.235999999999998877e-02 7.445868663031705322e-39
8.237999999999999490e-02 7.460465469385697574e-39
8.239999999999998714e-02 7.475070237981459943e-39
8.241999999999999327e-02 7.489682915630996884e-39
8.243999999999998551e-02 7.504303448991768846e-39
8.245999999999999164e-02 7.518931784566844965e-39
8.247999999999998388e-02 7.533567868704969620e-39
8.249999999999999001e-02 7.548211647600726873e-39
8.251999999999999613e-02 7.562863067294616161e-39
8.253999999999998838e-02 7.577522073673178887e-39
8.255999999999999450e-02 7.592188612469136758e-39
8.257999999999998675e-02 7.606862629261477917e-39
8.259999999999999287e-02 7.621544069475621382e-39
8.261999999999998512e-02 7.636232878383486213e-39
8.263999999999999124e-02 7.650929001103678137e-39
8.265999999999998349e-02 7.665632382601567850e-39
8.267999999999998961e-02 7.680342967689448934e-39
8.269999999999999574e-02 7.695060701026651389e-39
8.271999999999998798e-02 7.709785527119683893e-39
8.273999999999999411e-02 7.724517390322364302e-39
8.275999999999998635e-02 7.739256234835954077e-39
8.277999999999999248e-02 7.754002004709300528e-39
8.279999999999998472e-02 7.768754643838967329e-39
8.281999999999999085e-02 7.783514095969387203e-39
8.283999999999998309e-02 7.798280304692981991e-39
8.285999999999998922e-02 7.813053213450361019e-39
8.287999999999999534e-02 7.827832765530378524e-39
8.289999999999998759e-02 7.842618904070355513e-39
8.291999999999999371e-02 7.857411572056216793e-39
8.293999999999998596e-02 7.872210712322601900e-39
8.295999999999999208e-02 7.887016267553071305e-39
8.297999999999998433e-02 7.901828180280225167e-39
8.299999999999999045e-02 7.916646392885867774e-39
8.301999999999998270e-02 7.931470847601161542e-39
8.303999999999998882e-02 7.946301486506830602e-39
8.305999999999999495e-02 7.961138251533228663e-39
8.307999999999998719e-02 7.975981084460585670e-39
8.309999999999999332e-02 7.990829926919155274e-39
8.311999999999998556e-02 8.005684720389349255e-39
8.313999999999999169e-02 8.020545406201947638e-39
8.315999999999998393e-02 8.035411925538222670e-39
8.317999999999999006e-02 8.050284219430184174e-39
8.319999999999999618e-02 8.065162228760633056e-39
8.321999999999998843e-02 8.080045894263488875e-39
8.323999999999999455e-02 8.094935156523813334e-39
8.325999999999998680e-02 8.109829955978132633e-39
8.327999999999999292e-02 8.124730232914470090e-39
8.329999999999998517e-02 8.139635927472690680e-39
8.331999999999999129e-02 8.154546979644519308e-39
8.333999999999998354e-02 8.169463329273872291e-39
8.335999999999998966e-02 8.184384916056946103e-39
8.337999999999999579e-02 8.199311679542447067e-39
8.339999999999998803e-02 8.214243559131779282e-39
8.341999999999999416e-02 8.229180494079231250e-39
8.343999999999998640e-02 8.244122423492163799e-39
8.345999999999999253e-02 8.259069286331242389e-39
8.347999999999998477e-02 8.274021021410575449e-39
8.349999999999999090e-02 8.288977567397961026e-39
8.351999999999998314e-02 8.303938862815079944e-39
8.353999999999998927e-02 8.318904846037675894e-39
8.355999999999999539e-02 8.333875455295803403e-39
8.357999999999998764e-02 8.348850628673976605e-39
8.359999999999999376e-02 8.363830304111441999e-39
8.361999999999998601e-02 8.378814419402316791e-39
8.363999999999999213e-02 8.393802912195896883e-39
8.365999999999998438e-02 8.408795719996740398e-39
8.367999999999999050e-02 8.423792780165040928e-39
8.369999999999998275e-02 8.438794029916673214e-39
8.371999999999998887e-02 8.453799406323583352e-39
8.373999999999999500e-02 8.468808846313859273e-39
8.375999999999998724e-02 8.483822286672047871e-39
8.377999999999999337e-02 8.498839664039362507e-39
8.379999999999998561e-02 8.513860914913864410e-39
8.381999999999999174e-02 8.528885975650782422e-39
8.383999999999998398e-02 8.543914782462606960e-39
8.385999999999999011e-02 8.558947271419476313e-39
8.387999999999999623e-02 8.573983378449273217e-39
8.389999999999998848e-02 8.589023039337938071e-39
8.391999999999999460e-02 8.604066189729706456e-39
8.393999999999998685e-02 8.619112765127291847e-39
8.395999999999999297e-02 8.634162700892217093e-39
8.397999999999998522e-02 8.649215932244913607e-39
8.399999999999999134e-02 8.664272394265168999e-39
8.401999999999998359e-02 8.679332021892127075e-39
8.403999999999998971e-02 8.694394749924787681e-39
8.405999999999999583e-02 8.709460513022041930e-39
8.407999999999998808e-02 8.724529245703054595e-39
8.409999999999999420e-02 8.739600882347479438e-39
8.411999999999998645e-02 8.754675357195679767e-39
8.413999999999999257e-02 8.769752604349076885e-39
8.415999999999998482e-02 8.784832557770259720e-39
8.417999999999999095e-02 8.799915151283427237e-39
8.419999999999998319e-02 8.815000318574456300e-39
8.421999999999998932e-02 8.830087993191361058e-39
8.423999999999999544e-02 8.845178108544392126e-39
8.425999999999998769e-02 8.860270597906378512e-39
8.427999999999999381e-02 8.875365394413047356e-39
8.429999999999998606e-02 8.890462431063140083e-39
8.431999999999999218e-02 8.905561640718893967e-39
8.433999999999998443e-02 8.920662956106091726e-39
8.435999999999999055e-02 8.935766309814552225e-39
8.437999999999998280e-02 8.950871634298215301e-39
8.439999999999998892e-02 8.965978861875595931e-39
8.441999999999999504e-02 8.981087924729904291e-39
8.443999999999998729e-02 8.996198754909441192e-39
8.445999999999999341e-02 9.011311284327881280e-39
8.447999999999998566e-02 9.026425444764442692e-39
8.449999999999999178e-02 9.041541167864347742e-39
8.451999999999998403e-02 9.056658385138949514e-39
8.453999999999999015e-02 9.071777027966161224e-39
8.455999999999999628e-02 9.086897027590636320e-39
8.457999999999998852e-02 9.102018315124120852e-39
8.459999999999999465e-02 9.117140821545799306e-39
8.461999999999998689e-02 9.132264477702452522e-39
8.463999999999999302e-02 9.147389214308939259e-39
8.465999999999998527e-02 9.162514961948295380e-39
8.467999999999999139e-02 9.177641651072270232e-39
8.469999999999998364e-02 9.192769212001397121e-39
8.471999999999998976e-02 9.207897574925502283e-39
8.473999999999999588e-02 9.223026669903869323e-39
8.475999999999998813e-02 9.238156426865617683e-39
8.477999999999999425e-02 9.253286775610058922e-39
8.479999999999998650e-02 9.268417645806863768e-39
8.481999999999999262e-02 9.283548966996589356e-39
8.483999999999998487e-02 9.298680668590769283e-39
8.485999999999999099e-02 9.313812679872455206e-39
8.487999999999998324e-02 9.328944929996331686e-39
8.489999999999998936e-02 9.344077347989243435e-39
8.491999999999999549e-02 9.359209862750328433e-39
8.493999999999998773e-02 9.374342403051475999e-39
8.495999999999999386e-02 9.389474897537650452e-39
8.497999999999998610e-02 9.404607274727110360e-39
8.499999999999999223e-02 9.419739463011901849e-39
8.501999999999998447e-02 9.434871390658040012e-39
8.503999999999999060e-02 9.450002985805983946e-39
8.505999999999998284e-02 9.465134176470833823e-39
8.507999999999998897e-02 9.480264890542821584e-39
8.509999999999999509e-02 9.495395055787543248e-39
8.511999999999998734e-02 9.510524599846293002e-39
8.513999999999999346e-02 9.525653450236547383e-39
8.515999999999998571e-02 9.540781534352114049e-39
8.517999999999999183e-02 9.555908779463674691e-39
8.519999999999998408e-02 9.571035112718972959e-39
8.521999999999999020e-02 9.586160461143303857e-39
8.523999999999998245e-02 9.601284751639738219e-39
8.525999999999998857e-02 9.616407910989601661e-39
8.527999999999999470e-02 9.631529865852751258e-39
8.529999999999998694e-02 9.646650542767934434e-39
8.531999999999999307e-02 9.661769868153239206e-39
8.533999999999998531e-02 9.676887768306321269e-39
8.535999999999999144e-02 9.692004169404912966e-39
8.537999999999998368e-02 9.707118997507045152e-39
8.539999999999998981e-02 9.722232178551565297e-39
8.541999999999999593e-02 9.737343638358390677e-39
8.543999999999998818e-02 9.752453302628897271e-39
8.545999999999999430e-02 9.767561096946398730e-39
8.547999999999998655e-02 9.782666946776346041e-39
8.549999999999999267e-02 9.797770777466893931e-39
8.551999999999998492e-02 9.812872514249107062e-39
8.553999999999999104e-02 9.827972082237495108e-39
8.555999999999998329e-02 9.843069406430251581e-39
8.557999999999998941e-02 9.858164411709774550e-39
8.559999999999999554e-02 9.873257022842936788e-39
8.561999999999998778e-02 9.888347164481563426e-39
8.563999999999999391e-02 9.903434761162756911e-39
8.565999999999998615e-02 9.918519737309328984e-39
8.567999999999999228e-02 9.933602017230175228e-39
8.569999999999998452e-02 9.948681525120677031e-39
8.571999999999999065e-02 9.963758185063094409e-39
8.573999999999998289e-02 9.978831921026991452e-39
8.575999999999998902e-02 9.993902656869558679e-39
8.577999999999999514e-02 1.000897031633614550e-38
8.579999999999998739e-02 1.002403482306051340e-38
8.581999999999999351e-02 1.003909610056536056e-38
8.583999999999998576e-02 1.005415407226267948e-38
8.585999999999999188e-02 1.006920866145415106e-38
8.587999999999998413e-02 1.008425979133163011e-38
8.589999999999999025e-02 1.009930738497742986e-38
8.591999999999998250e-02 1.011435136536489355e-38
8.593999999999998862e-02 1.012939165535863982e-38
8.595999999999999475e-02 1.014442817771516299e-38
8.597999999999998699e-02 1.015946085508307452e-38
8.599999999999999312e-02 1.017448961000369033e-38
8.601999999999998536e-02 1.018951436491128910e-38
8.603999999999999149e-02 1.020453504213370357e-38
8.605999999999998373e-02 1.021955156389261150e-38
8.607999999999998986e-02 1.023456385230403946e-38
8.609999999999999598e-02 1.024957182937878563e-38
8.611999999999998823e-02 1.026457541702277875e-38
8.613999999999999435e-02 1.027957453703766273e-38
8.615999999999998660e-02 1.029456911112104855e-38
8.617999999999999272e-02 1.030955906086712244e-38
8.619999999999998497e-02 1.032454430776695253e-38
8.621999999999999109e-02 1.033952477320901612e-38
8.623999999999998334e-02 1.035450037847957945e-38
8.625999999999998946e-02 1.036947104476320535e-38
8.627999999999999559e-02 1.038443669314315131e-38
8.629999999999998783e-02 1.039939724460179231e-38
8.631999999999999396e-02 1.041435262002119765e-38
8.633999999999998620e-02 1.042930274018339065e-38
8.635999999999999233e-02 1.044424752577099861e-38
8.637999999999998457e-02 1.045918689736753726e-38
8.639999999999999070e-02 1.047412077545799678e-38
8.641999999999998294e-02 1.048904908042921369e-38
8.643999999999998907e-02 1.050397173257037727e-38
8.645999999999999519e-02 1.051888865207347847e-38
8.647999999999998744e-02 1.053379975903373275e-38
8.649999999999999356e-02 1.054870497345015170e-38
8.651999999999998581e-02 1.056360421522588366e-38
8.653999999999999193e-02 1.057849740416876969e-38
8.655999999999998418e-02 1.059338445999175725e-38
8.657999999999999030e-02 1.060826530231342485e-38
8.659999999999998255e-02 1.062313985065840881e-38
8.661999999999998867e-02 1.063800802445790438e-38
8.663999999999999480e-02 1.065286974305014211e-38
8.665999999999998704e-02 1.066772492568081721e-38
8.667999999999999317e-02 1.068257349150368727e-38
8.669999999999998541e-02 1.069741535958091547e-38
8.671999999999999154e-02 1.071225044888364222e-38
8.673999999999998378e-02 1.072707867829244455e-38
8.675999999999998991e-02 1.074189996659782416e-38
8.677999999999999603e-02 1.075671423250069165e-38
8.679999999999998828e-02 1.077152139461282976e-38
8.681999999999999440e-02 1.078632137145749377e-38
8.683999999999998665e-02 1.080111408146974813e-38
8.685999999999999277e-02 1.081589944299709948e-38
8.687999999999998502e-02 1.083067737429987896e-38
8.689999999999999114e-02 1.084544779355184785e-38
8.691999999999998339e-02 1.086021061884061772e-38
8.693999999999998951e-02 1.087496576816818945e-38
8.695999999999999563e-02 1.088971315945145439e-38
8.697999999999998788e-02 1.090445271052265502e-38
8.699999999999999400e-02 1.091918433913000356e-38
8.701999999999998625e-02 1.093390796293805522e-38
8.703999999999999237e-02 1.094862349952830329e-38
8.705999999999998462e-02 1.096333086639966727e-38
8.707999999999999075e-02 1.097802998096901095e-38
8.709999999999998299e-02 1.099272076057164093e-38
8.711999999999998912e-02 1.100740312246185609e-38
8.713999999999999524e-02 1.102207698381342783e-38
8.715999999999998749e-02 1.103674226172014298e-38
8.717999999999999361e-02 1.105139887319633233e-38
8.719999999999998586e-02 1.106604673517736660e-38
8.721999999999999198e-02 1.108068576452021365e-38
8.723999999999998423e-02 1.109531587800393442e-38
8.725999999999999035e-02 1.110993699233023630e-38
8.727999999999998260e-02 1.112454902412399252e-38
8.729999999999998872e-02 1.113915188993376026e-38
8.731999999999999484e-02 1.115374550623234182e-38
8.733999999999998709e-02 1.116832978941728840e-38
8.735999999999999321e-02 1.118290465581147953e-38
8.737999999999998546e-02 1.119747002166359549e-38
8.739999999999999158e-02 1.121202580314873463e-38
8.741999999999998383e-02 1.122657191636888448e-38
8.743999999999998995e-02 1.124110827735351555e-38
8.745999999999998220e-02 1.125563480206008510e-38
8.747999999999998832e-02 1.127015140637463745e-38
8.749999999999999445e-02 1.128465800611227643e-38
8.751999999999998670e-02 1.129915451701777220e-38
8.753999999999999282e-02 1.131364085476610159e-38
8.755999999999998507e-02 1.132811693496298577e-38
8.757999999999999119e-02 1.134258267314545923e-38
8.759999999999998344e-02 1.135703798478241140e-38
8.761999999999998956e-02 1.137148278527514785e-38
8.763999999999999568e-02 1.138591698995796447e-38
8.765999999999998793e-02 1.140034051409867605e-38
8.767999999999999405e-02 1.141475327289921008e-38
8.769999999999998630e-02 1.142915518149615357e-38
8.771999999999999242e-02 1.144354615496132073e-38
8.773999999999998467e-02 1.145792610830231809e-38
8.775999999999999079e-02 1.147229495646311742e-38
8.777999999999998304e-02 1.148665261432460513e-38
8.779999999999998916e-02 1.150099899670521528e-38
8.781999999999999529e-02 1.151533401836140063e-38
8.783999999999998753e-02 1.152965759398828655e-38
8.785999999999999366e-02 1.154396963822023346e-38
8.787999999999998590e-02 1.155827006563139148e-38
8.789999999999999203e-02 1.157255879073629818e-38
8.791999999999998427e-02 1.158683572799044103e-38
8.793999999999999040e-02 1.160110079179086947e-38
8.795999999999998264e-02 1.161535389647673394e-38
8.797999999999998877e-02 1.162959495632993705e-38
8.799999999999999489e-02 1.164382388557562042e-38
8.801999999999998714e-02 1.165804059838286807e-38
8.803999999999999326e-02 1.167224500886519846e-38
8.805999999999998551e-02 1.168643703108123263e-38
8.807999999999999163e-02 1.170061657903519280e-38
8.809999999999998388e-02 1.171478356667762794e-38
8.811999999999999000e-02 1.172893790790587054e-38
8.813999999999998225e-02 1.174307951656474007e-38
8.815999999999998837e-02 1.175720830644708064e-38
8.817999999999999450e-02 1.177132419129436262e-38
8.819999999999998674e-02 1.178542708479735347e-38
8.821999999999999287e-02 1.179951690059659017e-38
8.823999999999998511e-02 1.181359355228315312e-38
8.825999999999999124e-02 1.182765695339908632e-38
8.827999999999998348e-02 1.184170701743817266e-38
8.829999999999998961e-02 1.185574365784642457e-38
8.831999999999999573e-02 1.186976678802277832e-38
8.833999999999998798e-02 1.188377632131960820e-38
8.835999999999999410e-02 1.189777217104344698e-38
8.837999999999998635e-02 1.191175425045552610e-38
8.839999999999999247e-02 1.192572247277243090e-38
8.841999999999998472e-02 1.193967675116666697e-38
8.843999999999999084e-02 1.195361699876738579e-38
8.845999999999998309e-02 1.196754312866084931e-38
8.847999999999998921e-02 1.198145505389121561e-38
8.849999999999999534e-02 1.199535268746102436e-38
8.851999999999998758e-02 1.200923594233189899e-38
8.853999999999999371e-02 1.202310473142516524e-38
8.855999999999998595e-02 1.203695896762245412e-38
8.857999999999999208e-02 1.205079856376636228e-38
8.859999999999998432e-02 1.206462343266103142e-38
8.861999999999999045e-02 1.207843348707287136e-38
8.863999999999998269e-02 1.209222863973104284e-38
8.865999999999998882e-02 1.210600880332829279e-38
8.867999999999999494e-02 1.211977389052138241e-38
8.869999999999998719e-02 1.213352381393187801e-38
8.871999999999999331e-02 1.214725848614673829e-38
8.873999999999998556e-02 1.216097781971889641e-38
8.875999999999999168e-02 1.217468172716805084e-38
8.877999999999998393e-02 1.218837012098109865e-38
8.879999999999999005e-02 1.220204291361299687e-38
8.881999999999998230e-02 1.221570001748723227e-38
8.883999999999998842e-02 1.222934134499658615e-38
8.885999999999999455e-02 1.224296680850370856e-38
8.887999999999998679e-02 1.225657632034180740e-38
8.889999999999999292e-02 1.227016979281530091e-38
8.891999999999998516e-02 1.228374713820043105e-38
8.893999999999999129e-02 1.229730826874597350e-38
8.895999999999998353e-02 1.231085309667383793e-38
8.897999999999998966e-02 1.232438153417977539e-38
8.899999999999999578e-02 1.233789349343396816e-38
8.901999999999998803e-02 1.235138888658177888e-38
8.903999999999999415e-02 1.236486762574432999e-38
8.905999999999998640e-02 1.237832962301919541e-38
8.907999999999999252e-02 1.239177479048109483e-38
8.909999999999998477e-02 1.240520304018248621e-38
8.911999999999999089e-02 1.241861428415433317e-38
8.913999999999998314e-02 1.243200843440662699e-38
8.915999999999998926e-02 1.244538540292923752e-38
8.917999999999999539e-02 1.245874510169240129e-38
8.919999999999998763e-02 1.247208744264751494e-38
8.921999999999999376e-02 1.248541233772775911e-38
8.923999999999998600e-02 1.249871969884877699e-38
8.925999999999999213e-02 1.251200943790938434e-38
8.927999999999998437e-02 1.252528146679214631e-38
8.929999999999999050e-02 1.253853569736418394e-38
8.931999999999998274e-02 1.255177204147774579e-38
8.933999999999998887e-02 1.256499041097096491e-38
8.935999999999999499e-02 1.257819071766847739e-38
8.937999999999998724e-02 1.259137287338213233e-38
8.939999999999999336e-02 1.260453678991170965e-38
8.941999999999998561e-02 1.261768237904551775e-38
8.943999999999999173e-02 1.263080955256117400e-38
8.945999999999998398e-02 1.264391822222622330e-38
8.947999999999999010e-02 1.265700829979887154e-38
8.949999999999998235e-02 1.267007969702861462e-38
8.951999999999998847e-02 1.268313232565703456e-38
8.953999999999999460e-02 1.269616609741836066e-38
8.955999999999998684e-02 1.270918092404024996e-38
8.957999999999999297e-02 1.272217671724447363e-38
8.959999999999998521e-02 1.273515338874757219e-38
8.961999999999999134e-02 1.274811085026161241e-38
8.963999999999998358e-02 1.276104901349478501e-38
8.965999999999998971e-02 1.277396779015225820e-38
8.967999999999998195e-02 1.278686709193669448e-38
8.969999999999998808e-02 1.279974683054910935e-38
8.971999999999999420e-02 1.281260691768948210e-38
8.973999999999998645e-02 1.282544726505746575e-38
8.975999999999999257e-02 1.283826778435317271e-38
8.977999999999998482e-02 1.285106838727773855e-38
8.979999999999999094e-02 1.286384898553418073e-38
8.981999999999998319e-02 1.287660949082798852e-38
8.983999999999998931e-02 1.288934981486791381e-38
8.985999999999999543e-02 1.290206986936660543e-38
8.987999999999998768e-02 1.291476956604138171e-38
8.989999999999999380e-02 1.292744881661495870e-38
8.991999999999998605e-02 1.294010753281603747e-38
8.993999999999999218e-02 1.295274562638020981e-38
8.995999999999998442e-02 1.296536300905049331e-38
8.997999999999999055e-02 1.297795959257819529e-38
8.999999999999998279e-02 1.299053528872348707e-38
9.001999999999998892e-02 1.300309000925627310e-38
9.003999999999999504e-02 1.301562366595679129e-38
9.005999999999998729e-02 1.302813617061637259e-38
9.007999999999999341e-02 1.304062743503821877e-38
9.009999999999998566e-02 1.305309737103802104e-38
9.011999999999999178e-02 1.306554589044479267e-38
9.013999999999998403e-02 1.307797290510147975e-38
9.015999999999999015e-02 1.309037832686583039e-38
9.017999999999998240e-02 1.310276206761095325e-38
9.019999999999998852e-02 1.311512403922620761e-38
9.021999999999999464e-02 1.312746415361781937e-38
9.023999999999998689e-02 1.313978232270964579e-38
9.025999999999999301e-02 1.315207845844395854e-38
9.027999999999998526e-02 1.316435247278205447e-38
9.029999999999999138e-02 1.317660427770516654e-38
9.031999999999998363e-02 1.318883378521499630e-38
9.033999999999998975e-02 1.320104090733462217e-38
9.035999999999998200e-02 1.321322555610911025e-38
9.037999999999998813e-02 1.322538764360635737e-38
9.039999999999999425e-02 1.323752708191773321e-38
9.041999999999998650e-02 1.324964378315889198e-38
9.043999999999999262e-02 1.326173765947045896e-38
9.045999999999998487e-02 1.327380862301882393e-38
9.047999999999999099e-02 1.328585658599683547e-38
9.049999999999998324e-02 1.329788146062459445e-38
9.051999999999998936e-02 1.330988315915013786e-38
9.053999999999999548e-02 1.332186159385022189e-38
9.055999999999998773e-02 1.333381667703107880e-38
9.057999999999999385e-02 1.334574832102912692e-38
9.059999999999998610e-02 1.335765643821175370e-38
9.061999999999999222e-02 1.336954094097804125e-38
9.063999999999998447e-02 1.338140174175951032e-38
9.065999999999999059e-02 1.339323875302091110e-38
9.067999999999998284e-02 1.340505188726095146e-38
9.069999999999998896e-02 1.341684105701298864e-38
9.071999999999999509e-02 1.342860617484591670e-38
9.073999999999998733e-02 1.344034715336478248e-38
9.075999999999999346e-02 1.345206390521165219e-38
9.077999999999998570e-02 1.346375634306625349e-38
9.079999999999999183e-02 1.347542437964686812e-38
9.081999999999998407e-02 1.348706792771095056e-38
9.083999999999999020e-02 1.349868690005600761e-38
9.085999999999998245e-02 1.351028120952026133e-38
9.087999999999998857e-02 1.352185076898347911e-38
9.089999999999999469e-02 1.353339549136769144e-38
9.091999999999998694e-02 1.354491528963795403e-38
9.093999999999999306e-02 1.355641007680316222e-38
9.095999999999998531e-02 1.356787976591672957e-38
9.097999999999999143e-02 1.357932427007744924e-38
9.099999999999998368e-02 1.359074350243016213e-38
9.101999999999998980e-02 1.360213737616660000e-38
9.103999999999998205e-02 1.361350580452611105e-38
9.105999999999998817e-02 1.362484870079644037e-38
9.107999999999999430e-02 1.363616597831448685e-38
9.109999999999998654e-02 1.364745755046707057e-38
9.111999999999999267e-02 1.365872333069175500e-38
9.113999999999998491e-02 1.366996323247751778e-38
9.115999999999999104e-02 1.368117716936561990e-38
9.117999999999998328e-02 1.369236505495031043e-38
9.119999999999998941e-02 1.370352680287965916e-38
9.121999999999999553e-02 1.371466232685625349e-38
9.123999999999998778e-02 1.372577154063802062e-38
9.125999999999999390e-02 1.373685435803903929e-38
9.127999999999998615e-02 1.374791069293020540e-38
9.129999999999999227e-02 1.375894045924013505e-38
9.131999999999998452e-02 1.376994357095583540e-38
9.133999999999999064e-02 1.378091994212357901e-38
9.135999999999998289e-02 1.379186948684955904e-38
9.137999999999998901e-02 1.380279211930080011e-38
9.139999999999999514e-02 1.381368775370587616e-38
9.141999999999998738e-02 1.382455630435563599e-38
9.143999999999999351e-02 1.383539768560409598e-38
9.145999999999998575e-02 1.384621181186914218e-38
9.147999999999999188e-02 1.385699859763335514e-38
9.149999999999998412e-02 1.386775795744474590e-38
9.151999999999999025e-02 1.387848980591758610e-38
9.153999999999998249e-02 1.388919405773317005e-38
9.155999999999998862e-02 1.389987062764061088e-38
9.157999999999999474e-02 1.391051943045759220e-38
9.159999999999998699e-02 1.392114038107119297e-38
9.161999999999999311e-02 1.393173339443868612e-38
9.163999999999998536e-02 1.394229838558825115e-38
9.165999999999999148e-02 1.395283526961985116e-38
9.167999999999998373e-02 1.396334396170596362e-38
9.169999999999998985e-02 1.397382437709238956e-38
9.171999999999998210e-02 1.398427643109902091e-38
9.173999999999998822e-02 1.399470003912069144e-38
9.175999999999999435e-02 1.400509511662790756e-38
9.177999999999998659e-02 1.401546157916759482e-38
9.179999999999999272e-02 1.402579934236405844e-38
9.181999999999998496e-02 1.403610832191959671e-38
9.183999999999999109e-02 1.404638843361539359e-38
9.185999999999998333e-02 1.405663959331224180e-38
9.187999999999998946e-02 1.406686171695145629e-38
9.189999999999999558e-02 1.407705472055552681e-38
9.191999999999998783e-02 1.408721852022896878e-38
9.193999999999999395e-02 1.409735303215917423e-38
9.195999999999998620e-02 1.410745817261713215e-38
9.197999999999999232e-02 1.411753385795826115e-38
9.199999999999998457e-02 1.412758000462316900e-38
9.201999999999999069e-02 1.413759652913852179e-38
9.203999999999998294e-02 1.414758334811775126e-38
9.205999999999998906e-02 1.415754037826194230e-38
9.207999999999999519e-02 1.416746753636054282e-38
9.209999999999998743e-02 1.417736473929223039e-38
9.211999999999999356e-02 1.418723190402569522e-38
9.213999999999998580e-02 1.419706894762041538e-38
9.215999999999999193e-02 1.420687578722747640e-38
9.217999999999998417e-02 1.421665234009038560e-38
9.219999999999999030e-02 1.422639852354583950e-38
9.221999999999998254e-02 1.423611425502454074e-38
9.223999999999998867e-02 1.424579945205202292e-38
9.225999999999999479e-02 1.425545403224941795e-38
9.227999999999998704e-02 1.426507791333424694e-38
9.229999999999999316e-02 1.427467101312129196e-38
9.231999999999998541e-02 1.428423324952331906e-38
9.233999999999999153e-02 1.429376454055195002e-38
9.235999999999998378e-02 1.430326480431839062e-38
9.237999999999998990e-02 1.431273395903433111e-38
9.239999999999998215e-02 1.432217192301263787e-38
9.241999999999998827e-02 1.433157861466828005e-38
9.243999999999999440e-02 1.434095395251900554e-38
9.245999999999998664e-02 1.435029785518626499e-38
9.247999999999999277e-02 1.435961024139596614e-38
9.249999999999998501e-02 1.436889102997921766e-38
9.251999999999999114e-02 1.437814013987328188e-38
9.253999999999998338e-02 1.438735749012224039e-38
9.255999999999998951e-02 1.439654299987787098e-38
9.257999999999998175e-02 1.440569658840042812e-38
9.259999999999998788e-02 1.441481817505950167e-38
9.261999999999999400e-02 1.442390767933475555e-38
9.263999999999998625e-02 1.443296502081675513e-38
9.265999999999999237e-02 1.444199011920779467e-38
9.267999999999998462e-02 1.445098289432273253e-38
9.269999999999999074e-02 1.445994326608972463e-38
9.271999999999998299e-02 1.446887115455105708e-38
9.273999999999998911e-02 1.447776647986403883e-38
9.275999999999999523e-02 1.448662916230166204e-38
9.277999999999998748e-02 1.449545912225356000e-38
9.279999999999999361e-02 1.450425628022668052e-38
9.281999999999998585e-02 1.451302055684624387e-38
9.283999999999999198e-02 1.452175187285640312e-38
9.285999999999998422e-02 1.453045014912113944e-38
9.287999999999999035e-02 1.453911530662509990e-38
9.289999999999998259e-02 1.454774726647428920e-38
9.291999999999998872e-02 1.455634594989703541e-38
9.293999999999999484e-02 1.456491127824463985e-38
9.295999999999998709e-02 1.457344317299234289e-38
9.297999999999999321e-02 1.458194155573999992e-38
9.299999999999998546e-02 1.459040634821298971e-38
9.301999999999999158e-02 1.459883747226295829e-38
9.303999999999998383e-02 1.460723484986870115e-38
9.305999999999998995e-02 1.461559840313688103e-38
9.307999999999998220e-02 1.462392805430291799e-38
9.309999999999998832e-02 1.463222372573178810e-38
9.311999999999999444e-02 1.464048533991880124e-38
9.313999999999998669e-02 1.464871281949041286e-38
9.315999999999999281e-02 1.465690608720509315e-38
9.317999999999998506e-02 1.466506506595406310e-38
9.319999999999999118e-02 1.467318967876218194e-38
9.321999999999998343e-02 1.468127984878868055e-38
9.323999999999998956e-02 1.468933549932802810e-38
9.325999999999998180e-02 1.469735655381073064e-38
9.327999999999998793e-02 1.470534293580414296e-38
9.329999999999999405e-02 1.471329456901324108e-38
9.331999999999998630e-02 1.472121137728152024e-38
9.333999999999999242e-02 1.472909328459172562e-38
9.335999999999998467e-02 1.473694021506668245e-38
9.337999999999999079e-02 1.474475209297014427e-38
9.339999999999998304e-02 1.475252884270756549e-38
9.341999999999998916e-02 1.476027038882693670e-38
9.343999999999999528e-02 1.476797665601955719e-38
9.345999999999998753e-02 1.477564756912090419e-38
9.347999999999999365e-02 1.478328305311139758e-38
9.349999999999998590e-02 1.479088303311722733e-38
9.351999999999999202e-02 1.479844743441116784e-38
9.353999999999998427e-02 1.480597618241337928e-38
9.355999999999999039e-02 1.481346920269225062e-38
9.357999999999998264e-02 1.482092642096512264e-38
9.359999999999998876e-02 1.482834776309924327e-38
9.361999999999999489e-02 1.483573315511241746e-38
9.363999999999998713e-02 1.484308252317393121e-38
9.365999999999999326e-02 1.485039579360532151e-38
9.367999999999998550e-02 1.485767289288118292e-38
9.369999999999999163e-02 1.486491374762999232e-38
9.371999999999998388e-02 1.487211828463489458e-38
9.373999999999999000e-02 1.487928643083455607e-38
9.375999999999998225e-02 1.488641811332389549e-38
9.377999999999998837e-02 1.489351325935501046e-38
9.379999999999999449e-02 1.490057179633785094e-38
9.381999999999998674e-02 1.490759365184111972e-38
9.383999999999999286e-02 1.491457875359308154e-38
9.385999999999998511e-02 1.492152702948231223e-38
9.387999999999999123e-02 1.492843840755854696e-38
9.389999999999998348e-02 1.493531281603350509e-38
9.391999999999998960e-02 1.494215018328164442e-38
9.393999999999998185e-02 1.494895043784099128e-38
9.395999999999998797e-02 1.495571350841399924e-38
9.397999999999999410e-02 1.496243932386826946e-38
9.399999999999998634e-02 1.496912781323739905e-38
9.401999999999999247e-02 1.497577890572181104e-38
9.403999999999998471e-02 1.498239253068951655e-38
9.405999999999999084e-02 1.498896861767693698e-38
9.407999999999998308e-02 1.499550709638970791e-38
9.409999999999998921e-02 1.500200789670351178e-38
9.411999999999999533e-02 1.500847094866483737e-38
9.413999999999998758e-02 1.501489618249178897e-38
9.415999999999999370e-02 1.502128352857493468e-38
9.417999999999998595e-02 1.502763291747806593e-38
9.419999999999999207e-02 1.503394427993900925e-38
9.421999999999998432e-02 1.504021754687044322e-38
9.423999999999999044e-02 1.504645264936069719e-38
9.425999999999998269e-02 1.505264951867453428e-38
9.427999999999998881e-02 1.505880808625397100e-38
9.429999999999999494e-02 1.506492828371907069e-38
9.431999999999998718e-02 1.507101004286876053e-38
9.433999999999999331e-02 1.507705329568159365e-38
9.435999999999998555e-02 1.508305797431660790e-38
9.437999999999999168e-02 1.508902401111405925e-38
9.439999999999998392e-02 1.509495133859627273e-38
9.441999999999999005e-02 1.510083988946842546e-38
9.443999999999998229e-02 1.510668959661929573e-38
9.445999999999998842e-02 1.511250039312217136e-38
9.447999999999999454e-02 1.511827221223553612e-38
9.449999999999998679e-02 1.512400498740392588e-38
9.451999999999999291e-02 1.512969865225869597e-38
9.453999999999998516e-02 1.513535314061884079e-38
9.455999999999999128e-02 1.514096838649178984e-38
9.457999999999998353e-02 1.514654432407416731e-38
9.459999999999998965e-02 1.515208088775262470e-38
9.461999999999998190e-02 1.515757801210461603e-38
9.463999999999998802e-02 1.516303563189920173e-38
9.465999999999999415e-02 1.516845368209781084e-38
9.467999999999998639e-02 1.517383209785507359e-38
9.469999999999999252e-02 1.517917081451960448e-38
9.471999999999998476e-02 1.518446976763474614e-38
9.473999999999999089e-02 1.518972889293945155e-38
9.475999999999998313e-02 1.519494812636896008e-38
9.477999999999998926e-02 1.520012740405568752e-38
9.479999999999999538e-02 1.520526666232994388e-38
9.481999999999998763e-02 1.521036583772077646e-38
9.483999999999999375e-02 1.521542486695670066e-38
9.485999999999998600e-02 1.522044368696653786e-38
9.487999999999999212e-02 1.522542223488015927e-38
9.489999999999998437e-02 1.523036044802930818e-38
9.491999999999999049e-02 1.523525826394836987e-38
9.493999999999998274e-02 1.524011562037512076e-38
9.495999999999998886e-02 1.524493245525157929e-38
9.497999999999999499e-02 1.524970870672473679e-38
9.499999999999998723e-02 1.525444431314733786e-38
9.501999999999999336e-02 1.525913921307871041e-38
9.503999999999998560e-02 1.526379334528550172e-38
9.505999999999999173e-02 1.526840664874246146e-38
9.507999999999998397e-02 1.527297906263322737e-38
9.509999999999999010e-02 1.527751052635113173e-38
9.511999999999998234e-02 1.528200097949992443e-38
9.513999999999998847e-02 1.528645036189459249e-38
9.515999999999999459e-02 1.529085861356210661e-38
9.517999999999998684e-02 1.529522567474224330e-38
9.519999999999999296e-02 1.529955148588828965e-38
9.521999999999998521e-02 1.530383598766786814e-38
9.523999999999999133e-02 1.530807912096370659e-38
9.525999999999998358e-02 1.531228082687439510e-38
9.527999999999998970e-02 1.531644104671515608e-38
9.529999999999998195e-02 1.532055972201860635e-38
9.531999999999998807e-02 1.532463679453558197e-38
9.533999999999999420e-02 1.532867220623581686e-38
9.535999999999998644e-02 1.533266589930880675e-38
9.537999999999999257e-02 1.533661781616448522e-38
9.539999999999998481e-02 1.534052789943407980e-38
9.541999999999999094e-02 1.534439609197078015e-38
9.543999999999998318e-02 1.534822233685058378e-38
9.545999999999998931e-02 1.535200657737304250e-38
9.547999999999998155e-02 1.535574875706198025e-38
9.549999999999998768e-02 1.535944881966630741e-38
9.551999999999999380e-02 1.536310670916074645e-38
9.553999999999998605e-02 1.536672236974663059e-38
9.555999999999999217e-02 1.537029574585261381e-38
9.557999999999998442e-02 1.537382678213547994e-38
9.559999999999999054e-02 1.537731542348083434e-38
9.561999999999998279e-02 1.538076161500393919e-38
9.563999999999998891e-02 1.538416530205041293e-38
9.565999999999999504e-02 1.538752643019700293e-38
9.567999999999998728e-02 1.539084494525233975e-38
9.569999999999999341e-02 1.539412079325767325e-38
9.571999999999998565e-02 1.539735392048766601e-38
9.573999999999999178e-02 1.540054427345106942e-38
9.575999999999998402e-02 1.540369179889157452e-38
9.577999999999999015e-02 1.540679644378846193e-38
9.579999999999998239e-02 1.540985815535740581e-38
9.581999999999998852e-02 1.541287688105122031e-38
9.583999999999999464e-02 1.541585256856056170e-38
9.585999999999998689e-02 1.541878516581472708e-38
9.587999999999999301e-02 1.542167462098234346e-38
9.589999999999998526e-02 1.542452088247218470e-38
9.591999999999999138e-02 1.542732389893383189e-38
9.593999999999998363e-02 1.543008361925842767e-38
9.595999999999998975e-02 1.543279999257950887e-38
9.597999999999998200e-02 1.543547296827358332e-38
9.599999999999998812e-02 1.543810249596101210e-38
9.601999999999999424e-02 1.544068852550665423e-38
9.603999999999998649e-02 1.544323100702067057e-38
9.605999999999999261e-02 1.544572989085918683e-38
9.607999999999998486e-02 1.544818512762505829e-38
9.609999999999999098e-02 1.545059666816862155e-38
9.611999999999998323e-02 1.545296446358839142e-38
9.613999999999998936e-02 1.545528846523181524e-38
9.615999999999998160e-02 1.545756862469595412e-38
9.617999999999998773e-02 1.545980489382829211e-38
9.619999999999999385e-02 1.546199722472737302e-38
9.621999999999998610e-02 1.546414556974357044e-38
9.623999999999999222e-02 1.546624988147980812e-38
9.625999999999998447e-02 1.546831011279228559e-38
9.627999999999999059e-02 1.547032621679117767e-38
9.629999999999998284e-02 1.547229814684134704e-38
9.631999999999998896e-02 1.547422585656313247e-38
9.633999999999999508e-02 1.547610929983295442e-38
9.635999999999998733e-02 1.547794843078413194e-38
9.637999999999999345e-02 1.547974320380752223e-38
9.639999999999998570e-02 1.548149357355228010e-38
9.641999999999999182e-02 1.548319949492656016e-38
9.643999999999998407e-02 1.548486092309820585e-38
9.645999999999999019e-02 1.548647781349549337e-38
9.647999999999998244e-02 1.548805012180778155e-38
9.649999999999998856e-02 1.548957780398631056e-38
9.651999999999999469e-02 1.549106081624479444e-38
9.653999999999998693e-02 1.549249911506023804e-38
9.655999999999999306e-02 1.549389265717353473e-38
9.657999999999998531e-02 1.549524139959024684e-38
9.659999999999999143e-02 1.549654529958126083e-38
9.661999999999998368e-02 1.549780431468349977e-38
9.663999999999998980e-02 1.549901840270064124e-38
9.665999999999998205e-02 1.550018752170375147e-38
9.667999999999998817e-02 1.550131163003205019e-38
9.669999999999999429e-02 1.550239068629357357e-38
9.671999999999998654e-02 1.550342464936583720e-38
9.673999999999999266e-02 1.550441347839657733e-38
9.675999999999998491e-02 1.550535713280440608e-38
9.677999999999999103e-02 1.550625557227951089e-38
9.679999999999998328e-02 1.550710875678431749e-38
9.681999999999998940e-02 1.550791664655423908e-38
9.683999999999998165e-02 1.550867920209825307e-38
9.685999999999998777e-02 1.550939638419969462e-38
9.687999999999999390e-02 1.551006815391684128e-38
9.689999999999998614e-02 1.551069447258366212e-38
9.691999999999999227e-02 1.551127530181047022e-38
9.693999999999998451e-02 1.551181060348455176e-38
9.695999999999999064e-02 1.551230033977094639e-38
9.697999999999998288e-02 1.551274447311299281e-38
9.699999999999998901e-02 1.551314296623309608e-38
9.701999999999999513e-02 1.551349578213335149e-38
9.703999999999998738e-02 1.551380288409623883e-38
9.705999999999999350e-02 1.551406423568525663e-38
9.707999999999998575e-02 1.551427980074557997e-38
9.709999999999999187e-02 1.551444954340481735e-38
9.711999999999998412e-02 1.551457342807352492e-38
9.713999999999999024e-02 1.551465141944599212e-38
9.715999999999998249e-02 1.551468348250081069e-38
9.717999999999998861e-02 1.551466958250162377e-38
9.719999999999999474e-02 1.551460968499767662e-38
9.721999999999998698e-02 1.551450375582454227e-38
9.723999999999999311e-02 1.551435176110476880e-38
9.725999999999998535e-02 1.551415366724848752e-38
9.727999999999999148e-02 1.551390944095410722e-38
9.729999999999998372e-02 1.551361904920891979e-38
9.731999999999998985e-02 1.551328245928979706e-38
9.733999999999998209e-02 1.551289963876377548e-38
9.735999999999998822e-02 1.551247055548875306e-38
9.737999999999999434e-02 1.551199517761408963e-38
9.739999999999998659e-02 1.551147347358124118e-38
9.741999999999999271e-02 1.551090541212446975e-38
9.743999999999998496e-02 1.551029096227136026e-38
9.745999999999999108e-02 1.550963009334358004e-38
9.747999999999998333e-02 1.550892277495739307e-38
9.749999999999998945e-02 1.550816897702439073e-38
9.751999999999998170e-02 1.550736866975203220e-38
9.753999999999998782e-02 1.550652182364435953e-38
9.755999999999999395e-02 1.550562840950254845e-38
9.757999999999998619e-02 1.550468839842555043e-38
9.759999999999999232e-02 1.550370176181076872e-38
9.761999999999998456e-02 1.550266847135459076e-38
9.763999999999999069e-02 1.550158849905306950e-38
9.765999999999998293e-02 1.550046181720249758e-38
9.767999999999998906e-02 1.549928839840008074e-38
9.769999999999998130e-02 1.549806821554446769e-38
9.771999999999998743e-02 1.549680124183642353e-38
9.773999999999999355e-02 1.549548745077943526e-38
9.775999999999998580e-02 1.549412681618028867e-38
9.777999999999999192e-02 1.549271931214967905e-38
9.779999999999998417e-02 1.549126491310284812e-38
9.781999999999999029e-02 1.548976359376014255e-38
9.783999999999998254e-02 1.548821532914764040e-38
9.785999999999998866e-02 1.548662009459773319e-38
9.787999999999999479e-02 1.548497786574972100e-38
9.789999999999998703e-02 1.548328861855046501e-38
9.791999999999999316e-02 1.548155232925487035e-38
9.793999999999998540e-02 1.547976897442655430e-38
9.795999999999999153e-02 1.547793853093842575e-38
9.797999999999998377e-02 1.547606097597326465e-38
9.799999999999998990e-02 1.547413628702428315e-38
9.801999999999998214e-02 1.547216444189573902e-38
9.803999999999998827e-02 1.547014541870351769e-38
9.805999999999999439e-02 1.546807919587568298e-38
9.807999999999998664e-02 1.546596575215307483e-38
9.809999999999999276e-02 1.546380506658987829e-38
9.811999999999998501e-02 1.546159711855420298e-38
9.813999999999999113e-02 1.545934188772865212e-38
9.815999999999998338e-02 1.545703935411086015e-38
9.817999999999998950e-02 1.545468949801412705e-38
9.819999999999998175e-02 1.545229230006792728e-38
9.821999999999998787e-02 1.544984774121845534e-38
9.823999999999999400e-02 1.544735580272927040e-38
9.825999999999998624e-02 1.544481646618177662e-38
9.827999999999999237e-02 1.544222971347583390e-38
9.829999999999998461e-02 1.543959552683025117e-38
9.831999999999999074e-02 1.543691388878338155e-38
9.833999999999998298e-02 1.543418478219369915e-38
9.835999999999998911e-02 1.543140819024027410e-38
9.837999999999998135e-02 1.542858409642338857e-38
9.839999999999998748e-02 1.542571248456505095e-38
9.841999999999999360e-02 1.542279333880952573e-38
9.843999999999998585e-02 1.541982664362387894e-38
9.845999999999999197e-02 1.541681238379856030e-38
9.847999999999998422e-02 1.541375054444788344e-38
9.849999999999999034e-02 1.541064111101057662e-38
9.851999999999998259e-02 1.540748406925032826e-38
9.853999999999998871e-02 1.540427940525630377e-38
9.855999999999999484e-02 1.540102710544369103e-38
9.857999999999998708e-02 1.539772715655418848e-38
9.859999999999999321e-02 1.539437954565656372e-38
9.861999999999998545e-02 1.539098426014717812e-38
9.863999999999999158e-02 1.538754128775046187e-38
9.865999999999998382e-02 1.538405061651947775e-38
9.867999999999998995e-02 1.538051223483642231e-38
9.869999999999998219e-02 1.537692613141312959e-38
9.871999999999998832e-02 1.537329229529156965e-38
9.873999999999999444e-02 1.536961071584440978e-38
9.875999999999998669e-02 1.536588138277544254e-38
9.877999999999999281e-02 1.536210428612016780e-38
9.879999999999998506e-02 1.535827941624622866e-38
9.881999999999999118e-02 1.535440676385395435e-38
9.883999999999998343e-02 1.535048631997684830e-38
9.885999999999998955e-02 1.534651807598204755e-38
9.887999999999998180e-02 1.534250202357088389e-38
9.889999999999998792e-02 1.533843815477931981e-38
9.891999999999999404e-02 1.533432646197844698e-38
9.893999999999998629e-02 1.533016693787497956e-38
9.895999999999999241e-02 1.532595957551171624e-38
9.897999999999998466e-02 1.532170436826809877e-38
9.899999999999999079e-02 1.531740130986055651e-38
9.901999999999998303e-02 1.531305039434311977e-38
9.903999999999998916e-02 1.530865161610779835e-38
9.905999999999998140e-02 1.530420496988512699e-38
9.907999999999998753e-02 1.529971045074453084e-38
9.909999999999999365e-02 1.529516805409493355e-38
9.911999999999998590e-02 1.529057777568509665e-38
9.913999999999999202e-02 1.528593961160414679e-38
9.915999999999998427e-02 1.528125355828204290e-38
9.917999999999999039e-02 1.527651961248997558e-38
9.919999999999998264e-02 1.527173777134090740e-38
9.921999999999998876e-02 1.526690803228993308e-38
9.923999999999999488e-02 1.526203039313480673e-38
9.925999999999998713e-02 1.525710485201634903e-38
9.927999999999999325e-02 1.525213140741893014e-38
9.929999999999998550e-02 1.524711005817084027e-38
9.931999999999999162e-02 1.524204080344481961e-38
9.933999999999998387e-02 1.523692364275844978e-38
9.935999999999998999e-02 1.523175857597457410e-38
9.937999999999998224e-02 1.522654560330177784e-38
9.939999999999998836e-02 1.522128472529479541e-38
9.941999999999999449e-02 1.521597594285494362e-38
9.943999999999998674e-02 1.521061925723053149e-38
9.945999999999999286e-02 1.520521467001730395e-38
9.947999999999998511e-02 1.519976218315885688e-38
9.949999999999999123e-02 1.519426179894707034e-38
9.951999999999998348e-02 1.518871352002250799e-38
9.953999999999998960e-02 1.518311734937482941e-38
9.955999999999998185e-02 1.517747329034322343e-38
9.957999999999998797e-02 1.517178134661677356e-38
9.959999999999999409e-02 1.516604152223494603e-38
9.961999999999998634e-02 1.516025382158790043e-38
9.963999999999999246e-02 1.515441824941693865e-38
9.965999999999998471e-02 1.514853481081493293e-38
9.967999999999999083e-02 1.514260351122663909e-38
9.969999999999998308e-02 1.513662435644921069e-38
9.971999999999998920e-02 1.513059735263243398e-38
9.973999999999998145e-02 1.512452250627929167e-38
9.975999999999998757e-02 1.511839982424620566e-38
9.977999999999999370e-02 1.511222931374349123e-38
9.979999999999998594e-02 1.510601098233575374e-38
9.981999999999999207e-02 1.509974483794219928e-38
9.983999999999998431e-02 1.509343088883709140e-38
9.985999999999999044e-02 1.508706914365005129e-38
9.987999999999998268e-02 1.508065961136649107e-38
9.989999999999998881e-02 1.507420230132792176e-38
9.991999999999998106e-02 1.506769722323240487e-38
9.993999999999998718e-02 1.506114438713481077e-38
9.995999999999999330e-02 1.505454380344724413e-38
9.997999999999998555e-02 1.504789548293942504e-38
9.999999999999999167e-02 1.504119943673895781e-38
1.000199999999999839e-01 1.503445567633179039e-38
1.000399999999999900e-01 1.502766421356245708e-38
1.000599999999999823e-01 1.502082506063453270e-38
1.000799999999999884e-01 1.501393823011086751e-38
1.000999999999999945e-01 1.500700373491402570e-38
1.001199999999999868e-01 1.500002158832659339e-38
1.001399999999999929e-01 1.499299180399147618e-38
1.001599999999999852e-01 1.498591439591227241e-38
1.001799999999999913e-01 1.497878937845362549e-38
